LandUse,Acreage,TaxDistrict,LandValue,BuildingValue,FinishedArea,FoundationType,YearBuilt,Grade,Bedrooms,FullBath,HalfBath,Class
DUPLEX,0.15,URBAN SERVICES DISTRICT,20000,76700,2000,SLAB,1988,D   ,6,4,0,A
DUPLEX,0.44,GENERAL SERVICES DISTRICT,20000,131800,2558,CRAWL,1955,C   ,6,4,0,A
DUPLEX,0.17,URBAN SERVICES DISTRICT,20000,93500,1984,CRAWL,1967,C   ,6,2,0,A
TRIPLEX,0.18,URBAN SERVICES DISTRICT,10000,41800,1873,CRAWL,1965,C   ,6,3,0,A
TRIPLEX,0.18,URBAN SERVICES DISTRICT,10000,41800,1873,CRAWL,1965,C   ,6,3,0,A
SINGLE FAMILY,0.14,URBAN SERVICES DISTRICT,13000,80100,2091,PT BSMT,1920,C   ,5,1,0,A
DUPLEX,0.18,URBAN SERVICES DISTRICT,27000,9400,3410,CRAWL,1920,C   ,5,3,0,A
VACANT RES LAND,0.29,URBAN SERVICES DISTRICT,11000,270700,3533.65002,CRAWL,2015,B   ,5,3,1,A
SINGLE FAMILY,0.18,URBAN SERVICES DISTRICT,17000,60900,2000,FULL BSMT,1975,C   ,5,2,0,A
VACANT RES LAND,0.41,URBAN SERVICES DISTRICT,35500,201300,1960,CRAWL,2013,C   ,4,2,1,A
DUPLEX,0.17,URBAN SERVICES DISTRICT,11000,43200,1544,CRAWL,1955,D   ,4,2,0,A
DUPLEX,0.29,GENERAL SERVICES DISTRICT,18000,54800,1248,CRAWL,1963,C   ,4,2,0,A
DUPLEX,0.13,URBAN SERVICES DISTRICT,10000,29900,1192,CRAWL,1965,C   ,4,2,0,A
DUPLEX,0.23,GENERAL SERVICES DISTRICT,12000,42000,1537,CRAWL,1985,C   ,4,2,0,A
SINGLE FAMILY,0.45,URBAN SERVICES DISTRICT,11000,182300,2981,PT BSMT,1930,C   ,4,3,1,A
DUPLEX,0.2,GENERAL SERVICES DISTRICT,25000,76800,1458,SLAB,2000,D   ,4,2,0,A
DUPLEX,0.61,URBAN SERVICES DISTRICT,21000,48900,1564,CRAWL,1955,C   ,4,2,0,A
DUPLEX,0.23,GENERAL SERVICES DISTRICT,12000,41600,1519,CRAWL,1985,C   ,4,2,0,A
VACANT RES LAND,0.27,GENERAL SERVICES DISTRICT,16000,111500,1185,CRAWL,2014,C   ,4,2,0,A
DUPLEX,0.23,URBAN SERVICES DISTRICT,15000,60600,1511,CRAWL,1981,C   ,4,2,0,A
DUPLEX,0.22,URBAN SERVICES DISTRICT,31000,96300,1600,CRAWL,1969,C   ,4,2,0,A
SINGLE FAMILY,0.53,URBAN SERVICES DISTRICT,18000,105500,1638,FULL BSMT,1945,C   ,4,1,0,A
DUPLEX,0.29,GENERAL SERVICES DISTRICT,12000,42300,1566,CRAWL,1985,C   ,4,2,0,A
DUPLEX,0.18,URBAN SERVICES DISTRICT,13000,52800,1431,CRAWL,1985,D   ,4,2,0,A
SINGLE FAMILY,0.51,CITY OF GOODLETTSVILLE,28800,91800,1725,CRAWL,1966,C   ,4,2,0,A
DUPLEX,0.84,GENERAL SERVICES DISTRICT,18800,86100,2235,CRAWL,1979,C   ,4,2,0,A
DUPLEX,0.18,GENERAL SERVICES DISTRICT,22000,39000,1518,CRAWL,1983,C   ,4,2,0,A
QUADPLEX,0.21,URBAN SERVICES DISTRICT,13200,107000,2765,CRAWL,1970,D   ,8,4,0,B
QUADPLEX,0.17,URBAN SERVICES DISTRICT,13000,122500,2905,PT BSMT,1962,C   ,8,4,0,B
SINGLE FAMILY,0.29,URBAN SERVICES DISTRICT,21500,107800,1825,SLAB,1978,C   ,7,2,0,B
TRIPLEX,0.17,URBAN SERVICES DISTRICT,11000,93700,2340,SLAB,1945,C   ,7,3,0,B
SINGLE FAMILY,1.19,URBAN SERVICES DISTRICT,22700,127600,2822,PT BSMT,1959,C   ,6,4,0,B
SINGLE FAMILY,0.58,URBAN SERVICES DISTRICT,34000,240500,3504,FULL BSMT,1960,C   ,6,3,1,B
TRIPLEX,0.2,URBAN SERVICES DISTRICT,20000,96400,2045,CRAWL,1968,C   ,6,3,0,B
TRIPLEX,0.17,URBAN SERVICES DISTRICT,11000,65800,2025,CRAWL,1967,D   ,6,3,0,B
DUPLEX,0.17,URBAN SERVICES DISTRICT,65000,64600,2000,SLAB,1988,C   ,6,4,0,B
ZERO LOT LINE,0.28,URBAN SERVICES DISTRICT,21000,117500,2552,CRAWL,1987,C   ,6,4,0,B
TRIPLEX,0.2,URBAN SERVICES DISTRICT,12000,112500,2088,CRAWL,1972,D   ,6,3,0,B
TRIPLEX,0.19,URBAN SERVICES DISTRICT,13000,59600,2120,CRAWL,1960,D   ,6,3,0,B
DUPLEX,0.17,URBAN SERVICES DISTRICT,20000,93500,1984,CRAWL,1967,C   ,6,2,0,B
TRIPLEX,0.14,URBAN SERVICES DISTRICT,10000,31900,1925,PT BSMT,1962,D   ,6,3,0,B
TRIPLEX,0.17,URBAN SERVICES DISTRICT,13000,89700,2066,CRAWL,1960,C   ,6,3,0,B
TRIPLEX,0.16,URBAN SERVICES DISTRICT,11000,85200,2268,CRAWL,1963,C   ,6,3,0,B
TRIPLEX,0.17,URBAN SERVICES DISTRICT,13000,76500,2095,CRAWL,1961,D   ,6,3,0,B
DUPLEX,0.17,URBAN SERVICES DISTRICT,13000,79300,2277,SLAB,1988,D   ,6,4,0,B
DUPLEX,0.21,URBAN SERVICES DISTRICT,18000,98400,2150,FULL BSMT,1980,C   ,5,2,0,B
SINGLE FAMILY,0.22,GENERAL SERVICES DISTRICT,20000,89600,1580,CRAWL,1970,C   ,5,2,0,B
DUPLEX,0.23,GENERAL SERVICES DISTRICT,16000,95900,1926,CRAWL,1960,C   ,5,3,0,B
SINGLE FAMILY,0.51,URBAN SERVICES DISTRICT,26000,144000,2189.5,FULL BSMT,1958,C   ,5,2,0,B
DUPLEX,0.85,URBAN SERVICES DISTRICT,35500,207200,2100,FULL BSMT,1956,C   ,5,2,0,B
SINGLE FAMILY,0.51,URBAN SERVICES DISTRICT,26000,144000,2189.5,FULL BSMT,1958,C   ,5,2,0,B
DUPLEX,0.18,GENERAL SERVICES DISTRICT,20000,78900,2204,PT BSMT,1971,C   ,5,2,0,B
SINGLE FAMILY,0.26,URBAN SERVICES DISTRICT,22000,150400,2322,FULL BSMT,1956,C   ,5,2,0,B
DUPLEX,0.43,URBAN SERVICES DISTRICT,13000,60600,1978,CRAWL,1967,D   ,5,2,0,B
DUPLEX,0.91,GENERAL SERVICES DISTRICT,25000,112500,2331,PT BSMT,1958,C   ,5,2,0,B
SINGLE FAMILY,0.5,GENERAL SERVICES DISTRICT,26000,95800,2224,PT BSMT,1947,C   ,5,2,0,B
SINGLE FAMILY,0.27,URBAN SERVICES DISTRICT,21500,92000,1600,SLAB,1962,C   ,4,1,1,B
DUPLEX,0.27,URBAN SERVICES DISTRICT,28000,71100,1436,CRAWL,1970,C   ,4,2,0,B
DUPLEX,0.24,GENERAL SERVICES DISTRICT,21600,70600,1658,CRAWL,1984,C   ,4,2,0,B
SINGLE FAMILY,0.51,URBAN SERVICES DISTRICT,37000,227700,2236.85999,CRAWL,1948,C   ,4,3,0,B
DUPLEX,0.26,URBAN SERVICES DISTRICT,32000,88700,1594,CRAWL,1961,C   ,4,2,0,B
SINGLE FAMILY,0.27,URBAN SERVICES DISTRICT,21500,88400,1550,SLAB,1964,C   ,4,1,0,B
DUPLEX,0.23,URBAN SERVICES DISTRICT,18000,75400,1508,CRAWL,1976,C   ,4,2,0,B
SINGLE FAMILY,0.49,URBAN SERVICES DISTRICT,34000,85500,2182,SLAB,1965,C   ,4,2,0,B
SINGLE FAMILY,0.46,URBAN SERVICES DISTRICT,18000,111800,1860,CRAWL,1963,C   ,4,2,1,B
VACANT RES LAND,1.14,CITY OF OAK HILL,126000,418400,3986,CRAWL,2013,A   ,4,3,1,B
DUPLEX,0.27,URBAN SERVICES DISTRICT,32000,78000,1594,CRAWL,1960,C   ,4,2,0,B
DUPLEX,0.87,URBAN SERVICES DISTRICT,34000,74700,1650,CRAWL,1955,C   ,4,2,0,B
SINGLE FAMILY,1.03,URBAN SERVICES DISTRICT,16800,81500,1967.25,FULL BSMT,1960,C   ,4,2,0,B
SINGLE FAMILY,0.32,URBAN SERVICES DISTRICT,20400,86700,1850,SLAB,1964,C   ,4,1,1,B
DUPLEX,0.13,URBAN SERVICES DISTRICT,40000,102100,1436,CRAWL,1967,C   ,4,2,0,B
SINGLE FAMILY,0.18,URBAN SERVICES DISTRICT,32000,212400,2001,PT BSMT,1930,C   ,4,2,0,B
DUPLEX,0.23,URBAN SERVICES DISTRICT,21500,73900,1554,CRAWL,1984,C   ,4,3,0,B
DUPLEX,0.28,URBAN SERVICES DISTRICT,21500,79400,1589,CRAWL,1984,C   ,4,4,0,B
DUPLEX,0.15,URBAN SERVICES DISTRICT,6000,83600,1403,CRAWL,1987,D   ,4,2,0,B
DUPLEX,0.19,URBAN SERVICES DISTRICT,31000,66100,1575,CRAWL,1969,C   ,4,2,0,B
SINGLE FAMILY,0.22,URBAN SERVICES DISTRICT,22000,103400,1612,SLAB,1963,C   ,4,1,1,B
SINGLE FAMILY,0.34,URBAN SERVICES DISTRICT,24000,89200,1234,FULL BSMT,1958,C   ,4,1,0,B
SINGLE FAMILY,0.27,GENERAL SERVICES DISTRICT,16000,70300,1151,CRAWL,1940,C   ,4,1,0,B
SINGLE FAMILY,0.4,GENERAL SERVICES DISTRICT,21000,121100,2207.24999,PT BSMT,1963,C   ,4,2,0,B
SINGLE FAMILY,0.25,URBAN SERVICES DISTRICT,36000,172800,3441.5,FULL BSMT,1971,C   ,4,4,0,B
DUPLEX,0.25,GENERAL SERVICES DISTRICT,24000,63000,1718,CRAWL,1981,C   ,4,2,0,B
DUPLEX,0.21,URBAN SERVICES DISTRICT,25000,62400,1351,CRAWL,1966,C   ,4,2,0,B
DUPLEX,0.17,URBAN SERVICES DISTRICT,60300,67700,1575,CRAWL,1960,C   ,4,2,0,B
SINGLE FAMILY,0.25,GENERAL SERVICES DISTRICT,17000,96100,1530,CRAWL,1950,C   ,4,1,0,B
DUPLEX,0.19,GENERAL SERVICES DISTRICT,22000,39600,1549,CRAWL,1983,C   ,4,2,0,B
SINGLE FAMILY,0.64,URBAN SERVICES DISTRICT,31200,128300,1462,FULL BSMT,1955,C   ,6,1,0,C
TRIPLEX,0.16,URBAN SERVICES DISTRICT,11000,93300,2125,CRAWL,1964,C   ,6,3,0,C
TRIPLEX,0.17,URBAN SERVICES DISTRICT,80000,87300,2049,CRAWL,1966,C   ,6,3,0,C
DORMITORY/BOARDING HOUSE,0.84,URBAN SERVICES DISTRICT,24000,165400,3654,CRAWL,1976,C   ,6,4,0,C
DUPLEX,0.2,URBAN SERVICES DISTRICT,16200,105200,2080,CRAWL,1995,C   ,6,2,0,C
TRIPLEX,0.17,URBAN SERVICES DISTRICT,40000,96000,2075,CRAWL,1967,C   ,6,3,0,C
DUPLEX,0.39,GENERAL SERVICES DISTRICT,27000,103000,2825.35999,FULL BSMT,1974,C   ,6,4,0,C
TRIPLEX,0.12,URBAN SERVICES DISTRICT,13000,79600,2319,CRAWL,1959,D   ,6,3,0,C
DUPLEX,0.25,GENERAL SERVICES DISTRICT,20000,69500,2000,FULL BSMT,1967,C   ,6,2,0,C
QUADPLEX,0.48,GENERAL SERVICES DISTRICT,16000,161600,2688,FULL BSMT,1960,C   ,6,2,0,C
DUPLEX,0.09,GENERAL SERVICES DISTRICT,17000,66100,2000,CRAWL,1938,D   ,6,2,0,C
DUPLEX,0.09,GENERAL SERVICES DISTRICT,17000,64100,2000,CRAWL,1933,D   ,6,2,0,C
DUPLEX,0.6,URBAN SERVICES DISTRICT,24000,101400,1720,FULL BSMT,1970,C   ,6,4,0,C
SINGLE FAMILY,0.53,URBAN SERVICES DISTRICT,34000,188200,3194,PT BSMT,1960,C   ,5,3,0,C
TRIPLEX,0.19,URBAN SERVICES DISTRICT,27000,85400,2203,CRAWL,1956,C   ,5,3,0,C
SINGLE FAMILY,0.35,GENERAL SERVICES DISTRICT,21000,102400,1840,CRAWL,1966,C   ,5,1,1,C
DUPLEX,0.17,URBAN SERVICES DISTRICT,60300,124900,2900,FULL BSMT,1959,C   ,5,3,0,C
SINGLE FAMILY,0.27,URBAN SERVICES DISTRICT,25000,175000,3002,CRAWL,1940,C   ,5,2,0,C
SINGLE FAMILY,0.21,URBAN SERVICES DISTRICT,26000,300600,3010,PT BSMT,1916,C   ,5,2,0,C
DUPLEX,0.56,URBAN SERVICES DISTRICT,35200,120000,1742.5,FULL BSMT,1969,C   ,5,2,0,C
SINGLE FAMILY,0.3,GENERAL SERVICES DISTRICT,27000,120900,2617.75,FULL BSMT,1970,C   ,5,3,0,C
DUPLEX,0.43,URBAN SERVICES DISTRICT,32000,80100,2050,FULL BSMT,1959,C   ,5,2,0,C
SINGLE FAMILY,0.41,GENERAL SERVICES DISTRICT,21000,107700,1880,FULL BSMT,1965,C   ,5,1,1,C
DUPLEX,0.28,URBAN SERVICES DISTRICT,25000,86400,1706,CRAWL,1955,C   ,5,3,0,C
DUPLEX,0.23,URBAN SERVICES DISTRICT,28000,89000,1972,CRAWL,1969,C   ,5,2,0,C
SINGLE FAMILY,0.39,URBAN SERVICES DISTRICT,20000,129000,2517,PT BSMT,1964,C   ,5,3,0,C
DUPLEX,0.91,GENERAL SERVICES DISTRICT,25000,112500,2331,PT BSMT,1958,C   ,5,2,0,C
SINGLE FAMILY,0.93,URBAN SERVICES DISTRICT,40000,207800,2738.23999,PT BSMT,1945,C   ,5,2,0,C
SINGLE FAMILY,0.42,URBAN SERVICES DISTRICT,21000,107100,1927,CRAWL,1959,C   ,4,2,0,C
SINGLE FAMILY,0.17,URBAN SERVICES DISTRICT,32000,89200,1353.60001,FULL BSMT,1949,C   ,4,2,0,C
DUPLEX,0.25,GENERAL SERVICES DISTRICT,18000,92200,1889.41998,FULL BSMT,1976,C   ,4,2,0,C
SINGLE FAMILY,0.28,GENERAL SERVICES DISTRICT,21000,123100,2200,SLAB,1962,C   ,4,2,0,C
SINGLE FAMILY,0.26,URBAN SERVICES DISTRICT,21500,104900,1532,CRAWL,1968,C   ,4,1,1,C
DUPLEX,0.6,URBAN SERVICES DISTRICT,28800,85600,1738,CRAWL,1963,C   ,4,2,0,C
DUPLEX,0.24,URBAN SERVICES DISTRICT,24000,82000,1500,CRAWL,1980,C   ,4,2,0,C
SINGLE FAMILY,0.33,GENERAL SERVICES DISTRICT,21000,104400,1800,SLAB,1965,C   ,4,2,0,C
SINGLE FAMILY,0.31,URBAN SERVICES DISTRICT,37000,242500,2376,CRAWL,1930,C   ,4,2,0,C
SINGLE FAMILY,4.3,URBAN SERVICES DISTRICT,78000,107300,2087.80002,FULL BSMT,1955,C   ,4,1,1,C
DUPLEX,0.22,URBAN SERVICES DISTRICT,24000,103100,1935,CRAWL,1983,C   ,4,2,0,C
SINGLE FAMILY,0.17,URBAN SERVICES DISTRICT,26000,125600,1550,CRAWL,1928,C   ,4,1,0,C
SINGLE FAMILY,0.32,URBAN SERVICES DISTRICT,32000,204700,2027,CRAWL,1961,C   ,4,3,1,C
DUPLEX,0.34,URBAN SERVICES DISTRICT,27600,117300,1600,FULL BSMT,1968,C   ,4,2,0,C
SINGLE FAMILY,0.29,URBAN SERVICES DISTRICT,29900,127600,1687.5,FULL BSMT,1962,C   ,4,2,0,C
SINGLE FAMILY,0.29,GENERAL SERVICES DISTRICT,17000,143700,1777,PT BSMT,1956,C   ,4,2,1,C
SINGLE FAMILY,0.34,URBAN SERVICES DISTRICT,25000,90900,2100,FULL BSMT,1955,C   ,4,2,1,C
SINGLE FAMILY,0.96,GENERAL SERVICES DISTRICT,32000,135800,1950,FULL BSMT,1965,C   ,4,2,0,C
DUPLEX,0.71,URBAN SERVICES DISTRICT,40500,84800,2010,CRAWL,1953,C   ,4,2,0,C
SINGLE FAMILY,0.63,URBAN SERVICES DISTRICT,36000,415500,3417.53503,CRAWL,1950,B   ,4,3,0,C
SINGLE FAMILY,0.33,URBAN SERVICES DISTRICT,32000,159900,1500,CRAWL,1962,C   ,4,2,1,C
SINGLE FAMILY,0.73,URBAN SERVICES DISTRICT,40000,119200,1645.64999,FULL BSMT,1955,C   ,4,2,0,C
SINGLE FAMILY,0.25,URBAN SERVICES DISTRICT,32000,145100,2200,FULL BSMT,1968,C   ,4,2,0,C
QUADPLEX,0.26,URBAN SERVICES DISTRICT,13000,77500,2770,CRAWL,1969,D   ,8,4,0,D
DUPLEX,0.29,URBAN SERVICES DISTRICT,28000,123200,3400,FULL BSMT,1970,C   ,6,4,0,D
DUPLEX,0.3,GENERAL SERVICES DISTRICT,27000,133900,3000,FULL BSMT,1970,C   ,6,4,0,D
DUPLEX,0.81,CITY OF GOODLETTSVILLE,30800,127200,3543,PT BSMT,1953,C   ,6,3,0,D
DUPLEX,0.17,URBAN SERVICES DISTRICT,65000,64600,2000,SLAB,1988,C   ,6,4,0,D
SINGLE FAMILY,0.48,URBAN SERVICES DISTRICT,32700,150300,2067,FULL BSMT,1962,C   ,5,2,0,D
SINGLE FAMILY,0.32,GENERAL SERVICES DISTRICT,27000,111500,2091.25,PT BSMT,1977,C   ,5,3,0,D
SINGLE FAMILY,1.72,CITY OF GOODLETTSVILLE,36500,123900,2792,FULL BSMT,1972,C   ,5,3,0,D
SINGLE FAMILY,0.35,URBAN SERVICES DISTRICT,37000,127000,1312,PT BSMT,1935,C   ,4,1,0,D
DUPLEX,0.21,GENERAL SERVICES DISTRICT,12000,41500,1566,CRAWL,1984,C   ,4,2,0,D
TRIPLEX,0.17,URBAN SERVICES DISTRICT,25000,68500,2100,CRAWL,1957,D   ,6,3,0,E
TRIPLEX,0.17,URBAN SERVICES DISTRICT,25000,68200,2100,CRAWL,1957,D   ,6,3,0,E
TRIPLEX,0.17,URBAN SERVICES DISTRICT,25000,68000,2100,CRAWL,1957,D   ,6,3,0,E
SINGLE FAMILY,0.37,URBAN SERVICES DISTRICT,25000,108400,2126.74001,FULL BSMT,1957,C   ,6,4,0,E
SINGLE FAMILY,0.41,GENERAL SERVICES DISTRICT,27000,146700,2542,CRAWL,1968,C   ,5,3,0,E
SINGLE FAMILY,0.24,URBAN SERVICES DISTRICT,24000,125900,2963.17993,FULL BSMT,1972,C   ,5,3,0,E
SINGLE FAMILY,0.81,URBAN SERVICES DISTRICT,21000,135200,2160,CRAWL,1958,C   ,5,2,0,E
SINGLE FAMILY,0.22,GENERAL SERVICES DISTRICT,20000,89600,1580,CRAWL,1970,C   ,5,2,0,E
SINGLE FAMILY,0.53,GENERAL SERVICES DISTRICT,48000,174000,2495,SLAB,1962,B   ,4,2,0,E
SINGLE FAMILY,0.32,URBAN SERVICES DISTRICT,27000,137100,2198,CRAWL,1983,C   ,4,3,0,E
DUPLEX,1.03,URBAN SERVICES DISTRICT,115000,147700,1664,FULL BSMT,1957,C   ,4,1,1,E
SINGLE FAMILY,0.28,URBAN SERVICES DISTRICT,23000,116900,2681,PT BSMT,1963,C   ,4,2,0,E
DUPLEX,0.25,URBAN SERVICES DISTRICT,24000,112500,2943.71997,FULL BSMT,1974,C   ,6,2,0,F
SINGLE FAMILY,1.02,GENERAL SERVICES DISTRICT,25000,133700,2426,CRAWL,1955,C   ,6,3,0,F
DUPLEX,0.17,URBAN SERVICES DISTRICT,25000,150400,2128,SLAB,1999,C   ,6,4,0,F
TRIPLEX,0.18,URBAN SERVICES DISTRICT,11000,72500,1900,CRAWL,1960,D   ,6,3,0,F
SINGLE FAMILY,0.23,GENERAL SERVICES DISTRICT,24500,112000,2430,SLAB,1975,C   ,6,2,1,F
SINGLE FAMILY,0.73,GENERAL SERVICES DISTRICT,30000,145600,3250,PT BSMT,1962,C   ,5,3,0,F
SINGLE FAMILY,0.55,GENERAL SERVICES DISTRICT,30000,175600,2929,CRAWL,1975,C   ,5,3,0,F
DUPLEX,0.52,URBAN SERVICES DISTRICT,36000,139500,1980,CRAWL,1950,C   ,5,2,0,F
DUPLEX,0.14,URBAN SERVICES DISTRICT,80000,69400,1374,CRAWL,1967,C   ,4,2,0,F
SINGLE FAMILY,0.53,URBAN SERVICES DISTRICT,26000,150000,2437.60001,FULL BSMT,1955,C   ,4,2,0,F
SINGLE FAMILY,0.33,URBAN SERVICES DISTRICT,30200,143300,2250,SLAB,1962,C   ,4,1,2,F
SINGLE FAMILY,0.32,URBAN SERVICES DISTRICT,31000,111900,2200,CRAWL,1972,C   ,4,3,0,F
SINGLE FAMILY,0.33,URBAN SERVICES DISTRICT,34000,146300,2120.00006,FULL BSMT,1973,C   ,4,1,1,F
SINGLE FAMILY,0.33,URBAN SERVICES DISTRICT,27000,120000,2400,CRAWL,1975,C   ,4,3,0,F
SINGLE FAMILY,0.26,URBAN SERVICES DISTRICT,25000,194000,3151,CRAWL,1957,C   ,7,4,0,G
TRIPLEX,0.19,URBAN SERVICES DISTRICT,27000,185600,2095,CRAWL,1968,C   ,6,3,0,G
SINGLE FAMILY,0.28,GENERAL SERVICES DISTRICT,27000,118900,1762.5,FULL BSMT,1967,C   ,5,1,1,G
SINGLE FAMILY,0.25,GENERAL SERVICES DISTRICT,27000,130900,1943.5,CRAWL,1984,C   ,5,3,0,G
SINGLE FAMILY,0.19,URBAN SERVICES DISTRICT,27000,313100,3117,PT BSMT,1915,B   ,5,2,0,G
SINGLE FAMILY,0.51,URBAN SERVICES DISTRICT,70000,172500,2556.40002,FULL BSMT,1965,C   ,5,3,0,G
SINGLE FAMILY,0.52,URBAN SERVICES DISTRICT,23000,143400,1915.14001,FULL BSMT,1960,C   ,4,2,1,G
SINGLE FAMILY,0.2,URBAN SERVICES DISTRICT,26000,137200,1495.79999,FULL BSMT,1929,C   ,4,1,0,G
DUPLEX,0.17,URBAN SERVICES DISTRICT,214500,201700,2466,PT BSMT,1931,C   ,4,3,2,G
SINGLE FAMILY,1.08,URBAN SERVICES DISTRICT,34500,101400,1783,CRAWL,1959,C   ,4,1,1,G
DUPLEX,0.5,URBAN SERVICES DISTRICT,32000,114600,1725,FULL BSMT,1960,C   ,4,2,0,G
DUPLEX,0.14,URBAN SERVICES DISTRICT,30000,66900,1632,CRAWL,1975,C   ,4,2,0,G
DUPLEX,0.14,URBAN SERVICES DISTRICT,30000,66900,1632,CRAWL,1975,C   ,4,2,0,G
SINGLE FAMILY,0.17,URBAN SERVICES DISTRICT,140000,320300,2486.97498,PT BSMT,1949,C   ,4,3,0,G
SINGLE FAMILY,1.05,CITY OF GOODLETTSVILLE,35000,132000,1792,CRAWL,1977,C   ,4,2,0,G
DUPLEX,0.4,URBAN SERVICES DISTRICT,32000,121500,2208.25,FULL BSMT,1961,C   ,4,2,0,G
QUADPLEX,0.32,URBAN SERVICES DISTRICT,35100,231000,3438,CRAWL,1960,C   ,8,4,0,H
SINGLE FAMILY,0.58,URBAN SERVICES DISTRICT,34000,240500,3504,FULL BSMT,1960,C   ,6,3,1,H
SINGLE FAMILY,0.43,URBAN SERVICES DISTRICT,36500,133300,1936,CRAWL,1952,C   ,6,2,0,H
DUPLEX,0.37,URBAN SERVICES DISTRICT,25000,108400,2126.74001,FULL BSMT,1957,C   ,6,4,0,H
SINGLE FAMILY,0.26,URBAN SERVICES DISTRICT,38700,175600,2203.75,CRAWL,1945,C   ,5,3,0,H
SINGLE FAMILY,0.32,URBAN SERVICES DISTRICT,36500,143400,1903.5,FULL BSMT,1952,C   ,5,2,0,H
DUPLEX,0.41,URBAN SERVICES DISTRICT,32000,202400,2200,SLAB,1963,B   ,5,3,0,H
SINGLE FAMILY,0.36,URBAN SERVICES DISTRICT,25000,125700,1995,CRAWL,1957,C   ,5,2,0,H
SINGLE FAMILY,0.25,URBAN SERVICES DISTRICT,26000,109900,2000,FULL BSMT,1956,C   ,5,1,0,H
SINGLE FAMILY,0.22,URBAN SERVICES DISTRICT,27600,219500,2186,CRAWL,1952,C   ,4,2,0,H
SINGLE FAMILY,0.74,URBAN SERVICES DISTRICT,26000,124700,2200,FULL BSMT,1956,C   ,4,2,1,H
QUADPLEX,0.27,URBAN SERVICES DISTRICT,80000,111900,2700,CRAWL,1970,C   ,8,4,0,I
DUPLEX,0.28,URBAN SERVICES DISTRICT,30000,155800,1968,CRAWL,1992,C   ,6,3,1,I
DUPLEX,0.32,URBAN SERVICES DISTRICT,29900,124100,2811.75,FULL BSMT,1952,C   ,6,4,0,I
TRIPLEX,0.17,URBAN SERVICES DISTRICT,40000,96000,2075,CRAWL,1967,C   ,6,3,0,I
DUPLEX,0.12,URBAN SERVICES DISTRICT,13000,79600,2319,CRAWL,1959,D   ,6,3,0,I
SINGLE FAMILY,1.01,GENERAL SERVICES DISTRICT,35000,151400,3117,SLAB,1970,C   ,5,3,0,I
SINGLE FAMILY,1.2,URBAN SERVICES DISTRICT,39300,220500,2928,CRAWL,1967,C   ,5,3,0,I
SINGLE FAMILY,0.3,URBAN SERVICES DISTRICT,30000,241000,3675,PT BSMT,1951,C   ,5,2,2,I
SINGLE FAMILY,0.42,URBAN SERVICES DISTRICT,40000,161300,1986,PT BSMT,1949,C   ,5,3,0,I
SINGLE FAMILY,1.03,URBAN SERVICES DISTRICT,23000,129600,2016.00002,FULL BSMT,1958,C   ,5,2,0,I
SINGLE FAMILY,0.51,URBAN SERVICES DISTRICT,26000,144000,2189.5,FULL BSMT,1958,C   ,5,2,0,I
SINGLE FAMILY,0.37,URBAN SERVICES DISTRICT,26000,185400,2564.32507,CRAWL,1951,C   ,5,2,0,I
SINGLE FAMILY,0.44,URBAN SERVICES DISTRICT,27600,107100,1816,CRAWL,1964,C   ,5,3,0,I
SINGLE FAMILY,0.28,URBAN SERVICES DISTRICT,31000,133300,2870,CRAWL,1972,C   ,5,3,0,I
DUPLEX,0.98,GENERAL SERVICES DISTRICT,40000,124200,1973,FULL BSMT,1961,C   ,5,2,0,I
SINGLE FAMILY,0.23,URBAN SERVICES DISTRICT,24000,112300,1752,SLAB,1972,C   ,5,2,0,I
SINGLE FAMILY,0.39,GENERAL SERVICES DISTRICT,20000,113900,2225,CRAWL,1963,C   ,5,2,1,I
SINGLE FAMILY,0.23,GENERAL SERVICES DISTRICT,24000,121800,2052.96002,FULL BSMT,1964,C   ,5,2,0,I
SINGLE FAMILY,0.26,GENERAL SERVICES DISTRICT,20000,130700,2052.10001,FULL BSMT,1962,C   ,5,2,0,I
SINGLE FAMILY,0.29,URBAN SERVICES DISTRICT,28000,97200,1725,SLAB,1969,C   ,5,2,0,I
SINGLE FAMILY,0.36,GENERAL SERVICES DISTRICT,27000,147400,3065.09998,FULL BSMT,1968,C   ,5,3,0,I
SINGLE FAMILY,0.27,URBAN SERVICES DISTRICT,25000,175000,3002,CRAWL,1940,C   ,5,2,0,I
SINGLE FAMILY,0.82,URBAN SERVICES DISTRICT,20000,177200,3120,CRAWL,1975,C   ,5,3,0,I
SINGLE FAMILY,0.63,GENERAL SERVICES DISTRICT,30000,186800,2774,CRAWL,2003,C   ,4,2,1,I
SINGLE FAMILY,0.84,URBAN SERVICES DISTRICT,23000,147800,1738,FULL BSMT,1961,C   ,4,1,1,I
SINGLE FAMILY,1.71,URBAN SERVICES DISTRICT,41100,133400,1985,CRAWL,1960,B   ,4,2,0,I
SINGLE FAMILY,0.4,URBAN SERVICES DISTRICT,34000,132400,2080.00006,FULL BSMT,1973,C   ,4,2,1,I
SINGLE FAMILY,0.49,URBAN SERVICES DISTRICT,36000,127200,1573,CRAWL,1950,C   ,4,2,0,I
SINGLE FAMILY,0.33,URBAN SERVICES DISTRICT,32700,123300,2650,SLAB,1963,C   ,4,2,1,I
DUPLEX,0.4,URBAN SERVICES DISTRICT,32700,87900,1666,CRAWL,1962,C   ,4,2,0,I
DUPLEX,0.54,URBAN SERVICES DISTRICT,32700,83800,1589,CRAWL,1960,C   ,4,2,0,I
SINGLE FAMILY,1.07,GENERAL SERVICES DISTRICT,40000,203600,2913.92004,FULL BSMT,2006,C   ,4,4,0,I
SINGLE FAMILY,0.45,URBAN SERVICES DISTRICT,32000,163700,2187,FULL BSMT,1960,C   ,4,3,0,I
SINGLE FAMILY,0.23,URBAN SERVICES DISTRICT,28000,114800,2758.47998,FULL BSMT,1968,C   ,4,3,0,I
SINGLE FAMILY,0.25,URBAN SERVICES DISTRICT,34000,103800,1748,SLAB,1972,C   ,4,2,0,I
QUADPLEX,0.2,URBAN SERVICES DISTRICT,26000,211100,3712,CRAWL,1972,C   ,8,4,0,J
QUADPLEX,0.2,URBAN SERVICES DISTRICT,125000,46800,2700,CRAWL,1963,C   ,8,4,0,J
DUPLEX,0.17,URBAN SERVICES DISTRICT,60000,131600,2071,CRAWL,1958,C   ,6,3,0,J
SINGLE FAMILY,0.24,URBAN SERVICES DISTRICT,35000,233200,2987,PT BSMT,1947,C   ,6,3,1,J
DUPLEX,0.17,URBAN SERVICES DISTRICT,11000,95200,2275,SLAB,1988,C   ,6,2,0,J
TRIPLEX,0.19,URBAN SERVICES DISTRICT,40000,10700,2025,CRAWL,1962,C   ,6,3,0,J
TRIPLEX,0.14,URBAN SERVICES DISTRICT,9000,105500,2075,CRAWL,1971,D   ,6,3,0,J
SINGLE FAMILY,0.99,URBAN SERVICES DISTRICT,34000,234000,3567.04004,FULL BSMT,1962,C   ,5,3,0,J
SINGLE FAMILY,1.07,CITY OF GOODLETTSVILLE,30800,137400,2205,CRAWL,1955,C   ,5,2,0,J
SINGLE FAMILY,0.34,GENERAL SERVICES DISTRICT,35000,151300,2534,SLAB,1990,C   ,5,3,0,J
SINGLE FAMILY,0.43,URBAN SERVICES DISTRICT,21500,170700,3418.43994,FULL BSMT,1967,C   ,5,5,0,J
SINGLE FAMILY,0.86,URBAN SERVICES DISTRICT,18900,121800,2707,CRAWL,1960,C   ,5,3,0,J
SINGLE FAMILY,0.5,GENERAL SERVICES DISTRICT,26000,95800,2224,PT BSMT,1947,C   ,5,2,0,J
DUPLEX,0.27,URBAN SERVICES DISTRICT,165000,96700,992,FULL BSMT,1950,C   ,4,2,0,J
SINGLE FAMILY,0.23,URBAN SERVICES DISTRICT,30000,203800,2068.79999,PT BSMT,1946,C   ,4,2,0,J
DUPLEX,0.19,URBAN SERVICES DISTRICT,90000,56700,1404,CRAWL,1978,C   ,4,2,0,J
SINGLE FAMILY,0.89,GENERAL SERVICES DISTRICT,45000,139800,2596,PT BSMT,1967,C   ,4,3,0,J
SINGLE FAMILY,0.62,GENERAL SERVICES DISTRICT,35000,166500,2312,CRAWL,1955,C   ,4,1,1,J
SINGLE FAMILY,3.51,URBAN SERVICES DISTRICT,71100,148500,2349.73004,FULL BSMT,1959,C   ,4,3,0,J
SINGLE FAMILY,1.33,GENERAL SERVICES DISTRICT,38400,199800,2495,CRAWL,1954,C   ,4,2,1,J
SINGLE FAMILY,1.51,URBAN SERVICES DISTRICT,49000,155000,1694,FULL BSMT,1955,C   ,4,2,0,J
DUPLEX,0.9,URBAN SERVICES DISTRICT,135000,100800,1775,PT BSMT,1976,B   ,4,2,0,J
SINGLE FAMILY,0.48,GENERAL SERVICES DISTRICT,45000,154400,2094,PT BSMT,1966,C   ,4,2,0,J
SINGLE FAMILY,1.01,URBAN SERVICES DISTRICT,34200,180700,4312,PT BSMT,1971,B   ,4,4,0,J
SINGLE FAMILY,0.52,URBAN SERVICES DISTRICT,35000,141900,1793,CRAWL,1959,C   ,4,1,1,J
SINGLE FAMILY,0.28,URBAN SERVICES DISTRICT,32000,153800,2016,CRAWL,1962,C   ,4,2,0,J
QUADPLEX,0.26,URBAN SERVICES DISTRICT,13000,134400,4144,CRAWL,1973,C   ,8,4,0,K
QUADPLEX,0.22,URBAN SERVICES DISTRICT,13000,81100,3045,CRAWL,1960,D   ,8,4,0,K
DUPLEX,0.26,URBAN SERVICES DISTRICT,13200,159600,2870,FULL BSMT,1953,C   ,6,3,0,K
DUPLEX,0.41,GENERAL SERVICES DISTRICT,45000,143500,2185,CRAWL,1969,C   ,6,3,0,K
DUPLEX,1.9,URBAN SERVICES DISTRICT,48600,160300,2340.5,PT BSMT,1967,C   ,6,3,0,K
SINGLE FAMILY,0.98,URBAN SERVICES DISTRICT,135000,1020400,6487.51997,FULL BSMT,2017,A   ,6,7,1,K
TRIPLEX,0.26,GENERAL SERVICES DISTRICT,16000,146900,3968,SLAB,1966,C   ,6,6,0,K
SINGLE FAMILY,0.87,CITY OF GOODLETTSVILLE,30800,213000,3852,PT BSMT,1961,C   ,5,3,1,K
SINGLE FAMILY,0.21,URBAN SERVICES DISTRICT,180000,839400,3759.81998,PT BSMT,1925,A   ,5,3,1,K
SINGLE FAMILY,0.46,GENERAL SERVICES DISTRICT,30000,235900,2552,SLAB,2012,B   ,5,2,0,K
SINGLE FAMILY,0.48,URBAN SERVICES DISTRICT,34500,121600,1902,FULL BSMT,1927,C   ,5,2,1,K
SINGLE FAMILY,0.56,GENERAL SERVICES DISTRICT,45000,151500,2493.75,FULL BSMT,1966,C   ,5,3,0,K
SINGLE FAMILY,0.22,URBAN SERVICES DISTRICT,41100,182500,2445.59998,PT BSMT,1940,C   ,5,2,1,K
SINGLE FAMILY,0.37,URBAN SERVICES DISTRICT,26000,185400,2564.32507,CRAWL,1951,C   ,5,2,0,K
DUPLEX,0.18,URBAN SERVICES DISTRICT,85000,139700,2178,FULL BSMT,1937,C   ,5,3,0,K
DUPLEX,0.28,URBAN SERVICES DISTRICT,25000,86400,1706,CRAWL,1955,C   ,5,3,0,K
SINGLE FAMILY,1.72,CITY OF GOODLETTSVILLE,36500,123900,2792,FULL BSMT,1972,C   ,5,3,0,K
SINGLE FAMILY,3.2,URBAN SERVICES DISTRICT,53000,140400,3017,PT BSMT,1966,C   ,5,3,0,K
SINGLE FAMILY,0.25,URBAN SERVICES DISTRICT,26000,118100,1651,CRAWL,1958,C   ,5,3,0,K
SINGLE FAMILY,3.2,URBAN SERVICES DISTRICT,53000,140400,3017,PT BSMT,1966,C   ,5,3,0,K
SINGLE FAMILY,1.3,GENERAL SERVICES DISTRICT,30000,154000,3000,FULL BSMT,1963,C   ,5,3,0,K
SINGLE FAMILY,0.51,URBAN SERVICES DISTRICT,33800,197700,2667.5,FULL BSMT,1953,C   ,4,3,0,K
SINGLE FAMILY,1.08,URBAN SERVICES DISTRICT,245000,136600,1915.20001,FULL BSMT,1953,B   ,4,3,0,K
SINGLE FAMILY,0.25,URBAN SERVICES DISTRICT,60300,178700,1739.52002,CRAWL,1934,C   ,4,2,0,K
DUPLEX,0.21,URBAN SERVICES DISTRICT,25000,77800,1524,CRAWL,1980,C   ,4,2,0,K
SINGLE FAMILY,0.9,URBAN SERVICES DISTRICT,46000,214300,2027,CRAWL,1961,C   ,4,2,0,K
SINGLE FAMILY,0.19,URBAN SERVICES DISTRICT,30000,181800,1998,PT BSMT,1945,C   ,4,2,1,K
SINGLE FAMILY,3.11,URBAN SERVICES DISTRICT,51500,179400,2812.44,FULL BSMT,1959,C   ,4,3,0,K
SINGLE FAMILY,0.91,URBAN SERVICES DISTRICT,35500,162500,1641,CRAWL,1964,C   ,4,2,1,K
SINGLE FAMILY,0.44,URBAN SERVICES DISTRICT,65000,245200,2352.8,FULL BSMT,1955,B   ,4,2,0,K
QUADPLEX,0.18,URBAN SERVICES DISTRICT,25000,104000,2375,CRAWL,1961,D   ,8,4,0,L
QUADPLEX,0.18,URBAN SERVICES DISTRICT,25000,104900,2418,PT BSMT,1961,D   ,6,4,0,L
SINGLE FAMILY,0.42,URBAN SERVICES DISTRICT,38700,242400,2585,PT BSMT,1938,C   ,6,2,0,L
DUPLEX,0.43,GENERAL SERVICES DISTRICT,27000,96200,2108,SLAB,1974,C   ,6,2,0,L
SINGLE FAMILY,1.74,GENERAL SERVICES DISTRICT,70200,225600,2784.00006,FULL BSMT,1971,B   ,6,3,0,L
TRIPLEX,0.19,URBAN SERVICES DISTRICT,40000,120000,2145,CRAWL,1972,C   ,6,3,0,L
SINGLE FAMILY,0.45,GENERAL SERVICES DISTRICT,41000,170900,3116,SLAB,1980,C   ,6,4,0,L
DUPLEX,0.37,GENERAL SERVICES DISTRICT,34000,167200,2016,FULL BSMT,1972,C   ,6,2,0,L
SINGLE FAMILY,0.34,URBAN SERVICES DISTRICT,70000,172600,2610,SLAB,1965,C   ,5,3,0,L
SINGLE FAMILY,1.21,URBAN SERVICES DISTRICT,135000,189900,2679,SLAB,1955,C   ,5,1,1,L
VACANT RES LAND,0.45,CITY OF OAK HILL,203500,682900,4382,CRAWL,2014,A   ,5,4,1,L
SINGLE FAMILY,0.73,URBAN SERVICES DISTRICT,34000,230200,3676,CRAWL,1960,C   ,5,3,1,L
SINGLE FAMILY,0.3,URBAN SERVICES DISTRICT,37000,214100,2268,FULL BSMT,1938,C   ,5,2,0,L
SINGLE FAMILY,0.75,GENERAL SERVICES DISTRICT,90000,164700,3484,PT BSMT,1968,B   ,5,4,0,L
SINGLE FAMILY,1.27,URBAN SERVICES DISTRICT,135000,191100,3660,SLAB,1972,B   ,5,5,0,L
SINGLE FAMILY,0.17,URBAN SERVICES DISTRICT,150000,298200,3457.60001,CRAWL,1948,C   ,5,4,1,L
SINGLE FAMILY,0.45,CITY OF OAK HILL,203500,675900,4221,CRAWL,2014,A   ,5,3,2,L
SINGLE FAMILY,1.03,URBAN SERVICES DISTRICT,34500,193500,3156,SLAB,1968,B   ,5,4,0,L
DUPLEX,0.2,URBAN SERVICES DISTRICT,75000,130300,1975.5,CRAWL,1932,C   ,5,2,0,L
DUPLEX,0.85,URBAN SERVICES DISTRICT,35500,207200,2100,FULL BSMT,1956,C   ,5,2,0,L
SINGLE FAMILY,0.86,URBAN SERVICES DISTRICT,35000,238600,3377.94006,FULL BSMT,1965,C   ,5,4,0,L
SINGLE FAMILY,3.38,URBAN SERVICES DISTRICT,64200,222400,3174,CRAWL,1962,C   ,5,3,1,L
SINGLE FAMILY,0.53,URBAN SERVICES DISTRICT,81900,251500,1894,FULL BSMT,1948,C   ,5,2,0,L
SINGLE FAMILY,0.44,URBAN SERVICES DISTRICT,33800,187100,3177,CRAWL,1951,C   ,5,2,1,L
SINGLE FAMILY,0.94,CITY OF GOODLETTSVILLE,27500,158900,2700,PT BSMT,1930,C   ,5,2,0,L
SINGLE FAMILY,1.03,URBAN SERVICES DISTRICT,30500,200200,2978.5,FULL BSMT,1976,C   ,5,3,0,L
SINGLE FAMILY,0.29,URBAN SERVICES DISTRICT,31000,185800,2700,SLAB,1966,C   ,5,2,1,L
DUPLEX,0.3,URBAN SERVICES DISTRICT,29900,146000,3278,CRAWL,1951,C   ,5,2,0,L
SINGLE FAMILY,0.43,GENERAL SERVICES DISTRICT,45000,153700,2700,FULL BSMT,1966,C   ,5,3,0,L
SINGLE FAMILY,1.04,GENERAL SERVICES DISTRICT,99000,167100,3744.76999,PT BSMT,1972,B   ,5,3,0,L
SINGLE FAMILY,0.35,URBAN SERVICES DISTRICT,70000,177600,2816,SLAB,1965,C   ,5,3,0,L
SINGLE FAMILY,0.37,URBAN SERVICES DISTRICT,26000,185400,2564.32507,CRAWL,1951,C   ,5,2,0,L
SINGLE FAMILY,0.46,GENERAL SERVICES DISTRICT,30000,236500,3758,CRAWL,1987,C   ,5,3,1,L
SINGLE FAMILY,0.3,URBAN SERVICES DISTRICT,40000,157700,2092,CRAWL,1956,C   ,5,2,0,L
SINGLE FAMILY,0.3,GENERAL SERVICES DISTRICT,40500,156700,2493,CRAWL,1970,C   ,5,3,0,L
SINGLE FAMILY,0.76,URBAN SERVICES DISTRICT,55000,300400,2370,FULL BSMT,1968,B   ,4,2,0,L
SINGLE FAMILY,0.31,URBAN SERVICES DISTRICT,37000,242500,2376,CRAWL,1930,C   ,4,2,0,L
SINGLE FAMILY,0.2,URBAN SERVICES DISTRICT,125000,201000,2213.60004,PT BSMT,1920,C   ,4,3,0,L
SINGLE FAMILY,0.23,URBAN SERVICES DISTRICT,30000,196300,1848,PT BSMT,1933,C   ,4,2,1,L
SINGLE FAMILY,0.96,URBAN SERVICES DISTRICT,38500,207200,2350,SLAB,1963,C   ,4,2,1,L
SINGLE FAMILY,1.02,URBAN SERVICES DISTRICT,190000,413200,3625.75,CRAWL,1954,B   ,4,2,0,L
SINGLE FAMILY,0.51,URBAN SERVICES DISTRICT,47000,270500,2756,SLAB,1962,C   ,4,2,0,L
SINGLE FAMILY,0.92,URBAN SERVICES DISTRICT,170000,285100,3341,CRAWL,1963,B   ,4,3,0,L
VACANT RES LAND,0.99,URBAN SERVICES DISTRICT,190000,886200,5370.25,CRAWL,2014,X   ,4,4,1,L
VACANT RES LAND,1.08,CITY OF OAK HILL,378900,999300,5769,CRAWL,2014,X   ,4,4,1,L
SINGLE FAMILY,1.03,CITY OF OAK HILL,200000,73000,2382,SLAB,1960,C   ,4,2,0,L
SINGLE FAMILY,1.72,CITY OF OAK HILL,200000,268600,2648,FULL BSMT,1977,B   ,4,3,0,L
SINGLE FAMILY,0.71,URBAN SERVICES DISTRICT,40500,215100,2283,CRAWL,1951,C   ,4,2,0,L
DUPLEX,0.95,URBAN SERVICES DISTRICT,135000,186100,3165,PT BSMT,1958,C   ,4,5,0,L
SINGLE FAMILY,0.99,URBAN SERVICES DISTRICT,77000,195700,3071.09998,FULL BSMT,1967,C   ,4,3,0,L
SINGLE FAMILY,0.57,URBAN SERVICES DISTRICT,32000,225200,3126.00002,FULL BSMT,1961,C   ,4,3,0,L
SINGLE FAMILY,0.6,URBAN SERVICES DISTRICT,60000,217300,2690.8,FULL BSMT,1967,B   ,4,2,0,L
SINGLE FAMILY,1.33,URBAN SERVICES DISTRICT,121800,168000,2604,PT BSMT,1961,C   ,4,2,0,L
SINGLE FAMILY,0.27,URBAN SERVICES DISTRICT,165000,96700,992,FULL BSMT,1950,C   ,4,2,0,L
SINGLE FAMILY,0.39,URBAN SERVICES DISTRICT,70000,260500,3413.00995,PT BSMT,1965,C   ,4,3,0,L
SINGLE FAMILY,0.39,URBAN SERVICES DISTRICT,70000,168100,2305.5,FULL BSMT,1965,C   ,4,1,1,L
DUPLEX,0.26,URBAN SERVICES DISTRICT,290000,89000,1800,CRAWL,1966,C   ,4,2,0,L
SINGLE FAMILY,0.41,GENERAL SERVICES DISTRICT,45000,160000,2407,SLAB,1969,C   ,4,2,2,L
SINGLE FAMILY,0.22,URBAN SERVICES DISTRICT,28000,221700,2300,CRAWL,1948,C   ,4,2,1,L
SINGLE FAMILY,0.57,URBAN SERVICES DISTRICT,36000,244100,3193.00006,FULL BSMT,1945,C   ,4,3,0,L
SINGLE FAMILY,0.22,URBAN SERVICES DISTRICT,150000,494900,3456,CRAWL,2014,B   ,4,3,1,L
DUPLEX,0.27,URBAN SERVICES DISTRICT,140000,382300,2825,PT BSMT,1920,C   ,4,4,,L
QUADPLEX,0.19,URBAN SERVICES DISTRICT,40000,146900,2500,CRAWL,1964,C   ,8,4,0,M
VACANT RES LAND,0.51,URBAN SERVICES DISTRICT,315000,928000,5238.25,FULL BSMT,2013,X   ,6,4,3,M
SINGLE FAMILY,0.95,URBAN SERVICES DISTRICT,190000,941200,5055,CRAWL,1952,X   ,6,4,1,M
TRIPLEX,0.17,URBAN SERVICES DISTRICT,13000,50500,2268,CRAWL,1959,D   ,6,3,0,M
TRIPLEX,0.17,URBAN SERVICES DISTRICT,13000,95000,2096,CRAWL,1960,C   ,6,3,0,M
TRIPLEX,0.2,URBAN SERVICES DISTRICT,12000,112500,2088,CRAWL,1972,D   ,6,3,0,M
DUPLEX,0.56,URBAN SERVICES DISTRICT,21500,118300,3484,FULL BSMT,1971,C   ,6,4,0,M
DUPLEX,0.18,URBAN SERVICES DISTRICT,21500,107300,3074,FULL BSMT,1971,C   ,6,4,0,M
SINGLE FAMILY,0.9,URBAN SERVICES DISTRICT,150000,221200,3386,CRAWL,1970,B   ,5,3,0,M
DUPLEX,1.12,CITY OF OAK HILL,200000,217800,5840.17993,FULL BSMT,1956,B   ,5,3,0,M
SINGLE FAMILY,0.95,URBAN SERVICES DISTRICT,34000,199200,4110,CRAWL,2000,C   ,5,4,1,M
SINGLE FAMILY,2.08,GENERAL SERVICES DISTRICT,108000,213400,4077,CRAWL,1974,B   ,5,4,0,M
DUPLEX,0.27,URBAN SERVICES DISTRICT,180000,153600,2327,PT BSMT,1930,B   ,5,2,0,M
SINGLE FAMILY,0.17,URBAN SERVICES DISTRICT,150000,298200,3457.60001,CRAWL,1948,C   ,5,4,1,M
SINGLE FAMILY,1.12,URBAN SERVICES DISTRICT,170000,277200,3119,CRAWL,1963,B   ,5,3,1,M
DUPLEX,0.28,URBAN SERVICES DISTRICT,160000,126300,2880.98993,FULL BSMT,1955,C   ,5,2,0,M
SINGLE FAMILY,0.46,CITY OF OAK HILL,203500,676900,4431,CRAWL,2016,A   ,5,5,1,M
SINGLE FAMILY,0.34,URBAN SERVICES DISTRICT,35500,285300,2890.14001,FULL BSMT,1966,C   ,5,2,1,M
SINGLE FAMILY,0.98,URBAN SERVICES DISTRICT,190000,764400,4343,CRAWL,2017,X   ,5,4,1,M
SINGLE FAMILY,0.92,URBAN SERVICES DISTRICT,135000,899700,5558,CRAWL,2017,A   ,5,4,1,M
SINGLE FAMILY,0.41,URBAN SERVICES DISTRICT,35000,190600,3219,PT BSMT,1955,C   ,5,2,0,M
SINGLE FAMILY,0.41,URBAN SERVICES DISTRICT,32000,202400,2200,SLAB,1963,B   ,5,3,0,M
SINGLE FAMILY,0.85,URBAN SERVICES DISTRICT,35500,207200,2100,FULL BSMT,1956,C   ,5,2,0,M
DUPLEX,0.27,URBAN SERVICES DISTRICT,180000,239600,3121.66998,FULL BSMT,1930,C   ,5,4,0,M
SINGLE FAMILY,0.34,GENERAL SERVICES DISTRICT,45000,149900,2591.19995,FULL BSMT,1968,C   ,5,2,0,M
SINGLE FAMILY,0.34,URBAN SERVICES DISTRICT,36500,168100,2400,FULL BSMT,1953,C   ,5,2,0,M
SINGLE FAMILY,0.97,URBAN SERVICES DISTRICT,150000,176200,2583,PT BSMT,1966,B   ,5,3,0,M
SINGLE FAMILY,0.68,URBAN SERVICES DISTRICT,46000,279700,2430,FULL BSMT,1958,C   ,4,3,0,M
SINGLE FAMILY,0.3,URBAN SERVICES DISTRICT,175000,170600,1960,PT BSMT,1938,C   ,4,3,0,M
SINGLE FAMILY,1.1,URBAN SERVICES DISTRICT,68200,286900,2936,FULL BSMT,1978,B   ,4,2,0,M
SINGLE FAMILY,0.18,URBAN SERVICES DISTRICT,214500,122600,1577,PT BSMT,1940,C   ,4,2,0,M
SINGLE FAMILY,0.96,URBAN SERVICES DISTRICT,150000,187300,3148,SLAB,1962,B   ,4,2,0,M
SINGLE FAMILY,0.62,CITY OF OAK HILL,203500,868000,5866,CRAWL,2016,A   ,4,5,0,M
SINGLE FAMILY,0.36,URBAN SERVICES DISTRICT,65000,260500,1676,CRAWL,1964,B   ,4,2,0,M
SINGLE FAMILY,0.91,URBAN SERVICES DISTRICT,170000,164500,2389,PT BSMT,1962,B   ,4,2,0,M
SINGLE FAMILY,0.17,URBAN SERVICES DISTRICT,144000,219000,2111.60004,FULL BSMT,1938,C   ,4,1,1,M
SINGLE FAMILY,0.28,URBAN SERVICES DISTRICT,35000,232100,2503,FULL BSMT,1928,C   ,4,3,0,M
SINGLE FAMILY,0.62,URBAN SERVICES DISTRICT,46000,198600,2024,CRAWL,1950,C   ,4,1,1,M
SINGLE FAMILY,0.45,URBAN SERVICES DISTRICT,60000,230000,2388,PT BSMT,1982,B   ,4,3,0,M
SINGLE FAMILY,0.35,URBAN SERVICES DISTRICT,60000,242400,2721,CRAWL,1984,B   ,4,3,0,M
SINGLE FAMILY,0.34,URBAN SERVICES DISTRICT,202500,83400,1480,CRAWL,1951,C   ,4,2,0,M
VACANT RES LAND,0.46,URBAN SERVICES DISTRICT,290000,617100,3508,CRAWL,2013,A   ,4,3,1,M
DUPLEX,0.27,URBAN SERVICES DISTRICT,175000,131600,2562.5,FULL BSMT,1949,C   ,4,3,0,M
SINGLE FAMILY,5.08,GENERAL SERVICES DISTRICT,100100,276000,3092,CRAWL,1986,B   ,4,3,0,M
SINGLE FAMILY,0.96,URBAN SERVICES DISTRICT,105000,243200,2503,CRAWL,1963,B   ,4,2,0,M
SINGLE FAMILY,0.52,URBAN SERVICES DISTRICT,32000,238300,2276,PT BSMT,1961,C   ,4,2,0,M
SINGLE FAMILY,0.2,URBAN SERVICES DISTRICT,60000,251900,2200,CRAWL,1934,B   ,4,2,1,M
SINGLE FAMILY,0.97,GENERAL SERVICES DISTRICT,90000,241600,4340,FULL BSMT,1974,B   ,4,3,0,M
SINGLE FAMILY,4.54,URBAN SERVICES DISTRICT,212600,504000,3825,CRAWL,2017,A   ,8,4,1,N
SINGLE FAMILY,0.15,URBAN SERVICES DISTRICT,125000,251000,3500,CRAWL,1900,B   ,7,3,0,N
TRIPLEX,0.71,URBAN SERVICES DISTRICT,64800,219600,3599.52991,FULL BSMT,1941,B   ,6,3,0,N
VACANT RES LAND,1.08,GENERAL SERVICES DISTRICT,300000,1249900,10788.58008,PT BSMT,2015,A   ,6,6,0,N
TRIPLEX,0.19,URBAN SERVICES DISTRICT,20000,95300,2080,CRAWL,1963,C   ,6,3,0,N
TRIPLEX,0.17,URBAN SERVICES DISTRICT,20000,95000,2081,CRAWL,1963,C   ,6,3,0,N
TRIPLEX,0.16,URBAN SERVICES DISTRICT,20000,89200,1943,CRAWL,1962,C   ,6,3,0,N
SINGLE FAMILY,1.4,URBAN SERVICES DISTRICT,190000,553200,5051.64001,CRAWL,2015,B   ,6,5,1,N
VACANT RESIDENTIAL LAND,4.22,CITY OF FOREST HILLS,587100,1284000,7052.95007,PT BSMT,2016,X   ,6,5,2,O
SINGLE FAMILY,0.83,URBAN SERVICES DISTRICT,150000,223800,3821,SLAB,1964,B   ,6,3,0,N
TRIPLEX,0.19,URBAN SERVICES DISTRICT,60000,216900,2093,CRAWL,1966,C   ,6,3,0,N
TRIPLEX,0.17,URBAN SERVICES DISTRICT,40000,113400,2045,CRAWL,1967,C   ,6,3,0,N
DUPLEX,0.48,GENERAL SERVICES DISTRICT,16000,161600,2688,FULL BSMT,1960,C   ,6,2,0,N
SINGLE FAMILY,0.17,URBAN SERVICES DISTRICT,140000,179200,2079,FULL BSMT,1930,C   ,6,1,0,N
SINGLE FAMILY,0.55,URBAN SERVICES DISTRICT,210000,172000,2723.5,CRAWL,1945,C   ,6,3,0,O
SINGLE FAMILY,0.45,URBAN SERVICES DISTRICT,175000,200800,3032,PT BSMT,1952,C   ,6,2,0,O
SINGLE FAMILY,0.17,URBAN SERVICES DISTRICT,140000,179200,2079,FULL BSMT,1930,C   ,6,1,0,N
SINGLE FAMILY,1.18,URBAN SERVICES DISTRICT,170000,157800,2600,CRAWL,1965,B   ,5,3,0,N
VACANT RES LAND,1.1,URBAN SERVICES DISTRICT,380000,1665800,6995,PT BSMT,2015,X   ,5,4,1,O
SINGLE FAMILY,0.18,URBAN SERVICES DISTRICT,180000,127900,2002,PT BSMT,1930,C   ,5,2,0,N
DUPLEX,0.19,URBAN SERVICES DISTRICT,60000,248200,1992,PT BSMT,1979,C   ,5,2,0,N
SINGLE FAMILY,0.94,URBAN SERVICES DISTRICT,135000,312200,3950,SLAB,1964,C   ,5,5,0,O
VACANT RES LAND,1.1,URBAN SERVICES DISTRICT,380000,1665800,6995,PT BSMT,2015,X   ,5,4,1,O
SINGLE FAMILY,0.89,URBAN SERVICES DISTRICT,315000,1265400,6319,CRAWL,2014,X   ,5,4,2,N
SINGLE FAMILY,0.99,URBAN SERVICES DISTRICT,150000,172700,2520,SLAB,1962,B   ,5,3,0,N
DUPLEX,0.23,URBAN SERVICES DISTRICT,45000,178400,2900,FULL BSMT,1910,C   ,5,2,1,N
SINGLE FAMILY,1.12,URBAN SERVICES DISTRICT,378000,867400,6179,PT BSMT,2014,X   ,5,5,1,N
SINGLE FAMILY,1.69,CITY OF OAK HILL,293500,974100,6642,PT BSMT,1957,A   ,5,6,0,N
SINGLE FAMILY,2.12,GENERAL SERVICES DISTRICT,238700,248800,3685,PT BSMT,1971,B   ,5,3,1,O
SINGLE FAMILY,2.06,CITY OF OAK HILL,200000,327200,5083,CRAWL,1971,B   ,5,4,0,O
SINGLE FAMILY,0.19,GENERAL SERVICES DISTRICT,200000,228400,4342.5,FULL BSMT,1997,A   ,5,3,1,N
SINGLE FAMILY,0.35,URBAN SERVICES DISTRICT,190000,199400,2097,PT BSMT,1945,C   ,5,2,0,N
SINGLE FAMILY,0.5,URBAN SERVICES DISTRICT,295000,1166600,6272,CRAWL,2015,X   ,5,5,3,N
SINGLE FAMILY,2,CITY OF OAK HILL,282000,259300,3847,PT BSMT,1971,A   ,5,4,0,O
SINGLE FAMILY,1.65,URBAN SERVICES DISTRICT,181100,180700,2704,PT BSMT,1959,B   ,5,3,0,N
SINGLE FAMILY,1.05,URBAN SERVICES DISTRICT,378000,816700,5211,CRAWL,2014,A   ,5,5,2,N
SINGLE FAMILY,1.65,URBAN SERVICES DISTRICT,209000,1197700,5460.38,CRAWL,2015,X   ,5,4,2,O
DUPLEX,0.22,URBAN SERVICES DISTRICT,214500,191300,2943,PT BSMT,1915,C   ,5,3,0,N
SINGLE FAMILY,1.26,URBAN SERVICES DISTRICT,135000,318900,4418,SLAB,1965,C   ,5,4,2,N
SINGLE FAMILY,0.53,URBAN SERVICES DISTRICT,315000,692200,5424,CRAWL,2015,A   ,5,5,1,N
SINGLE FAMILY,0.18,URBAN SERVICES DISTRICT,180000,912600,5435.76001,FULL BSMT,1920,B   ,5,5,0,N
DUPLEX,0.18,URBAN SERVICES DISTRICT,150000,154300,2547.25,CRAWL,1950,C   ,5,3,0,N
SINGLE FAMILY,2.93,URBAN SERVICES DISTRICT,181100,404100,4491.64001,FULL BSMT,1995,A   ,5,4,0,N
SINGLE FAMILY,0.46,URBAN SERVICES DISTRICT,295000,1028200,5642.5,CRAWL,2015,X   ,5,5,1,N
DUPLEX,0.99,CITY OF FOREST HILLS,323000,1056100,5397,CRAWL,2015,X   ,5,4,2,N
SINGLE FAMILY,1.57,URBAN SERVICES DISTRICT,54000,294400,3452.13007,PT BSMT,1933,C   ,5,3,0,N
SINGLE FAMILY,1.99,URBAN SERVICES DISTRICT,287500,840400,6668,CRAWL,2015,X   ,5,4,2,N
SINGLE FAMILY,0.28,URBAN SERVICES DISTRICT,179200,327600,3067.45007,PT BSMT,1950,B   ,5,3,0,N
SINGLE FAMILY,0.47,URBAN SERVICES DISTRICT,315000,1031500,5195,CRAWL,2015,X   ,5,5,1,N
SINGLE FAMILY,0.22,URBAN SERVICES DISTRICT,190000,211600,2304.71997,FULL BSMT,1940,C   ,5,3,0,N
SINGLE FAMILY,1.02,CITY OF FOREST HILLS,315000,829700,5385,CRAWL,2015,A   ,5,4,1,N
VACANT RESIDENTIAL LAND,0.52,URBAN SERVICES DISTRICT,315000,925700,5536,CRAWL,2015,X   ,5,4,1,N
SINGLE FAMILY,0.76,URBAN SERVICES DISTRICT,339300,1064200,5772,CRAWL,2015,X   ,5,5,2,N
SINGLE FAMILY,0.92,GENERAL SERVICES DISTRICT,45000,268500,3229,CRAWL,1998,B   ,5,3,0,N
SINGLE FAMILY,1.03,CITY OF OAK HILL,200000,452400,4923.76001,PT BSMT,1969,A   ,5,5,1,N
VACANT RESIDENTIAL LAND,0.57,CITY OF BELLE MEADE,401600,620100,3944,CRAWL,2015,X   ,5,4,1,N
VACANT RESIDENTIAL LAND,0.46,URBAN SERVICES DISTRICT,295000,1028200,5642.5,CRAWL,2015,X   ,5,5,1,N
SINGLE FAMILY,0.3,URBAN SERVICES DISTRICT,210000,740800,5224.83001,FULL BSMT,1940,A   ,5,5,1,O
SINGLE FAMILY,1.28,CITY OF FOREST HILLS,315000,1113700,5679,CRAWL,2015,X   ,5,4,2,O
SINGLE FAMILY,0.44,URBAN SERVICES DISTRICT,295000,1110200,6054,SLAB,2015,X   ,5,5,1,O
SINGLE FAMILY,1.66,URBAN SERVICES DISTRICT,209000,533200,4470,PT BSMT,1953,B   ,5,6,0,O
SINGLE FAMILY,1.08,GENERAL SERVICES DISTRICT,204000,225300,3460,CRAWL,1967,B   ,5,4,0,N
SINGLE FAMILY,0.41,URBAN SERVICES DISTRICT,43900,237100,2346.71997,FULL BSMT,1950,C   ,5,3,1,N
SINGLE FAMILY,0.16,URBAN SERVICES DISTRICT,195000,206200,1910,CRAWL,1935,B   ,5,2,0,O
SINGLE FAMILY,0.45,URBAN SERVICES DISTRICT,290000,1045500,4809,CRAWL,2015,X   ,5,5,1,N
VACANT RESIDENTIAL LAND,1.93,CITY OF FOREST HILLS,236300,672000,4039,FULL BSMT,2016,A   ,5,4,1,N
SINGLE FAMILY,0.6,GENERAL SERVICES DISTRICT,35000,240000,3797.14999,FULL BSMT,2000,C   ,5,5,0,N
VACANT RESIDENTIAL LAND,0.99,CITY OF FOREST HILLS,323000,1056100,5397,CRAWL,2015,X   ,5,4,2,N
SINGLE FAMILY,0.28,URBAN SERVICES DISTRICT,190000,197900,2352,PT BSMT,1947,C   ,5,2,0,N
SINGLE FAMILY,0.51,URBAN SERVICES DISTRICT,40500,277400,3038.46002,PT BSMT,1933,C   ,5,2,0,N
SINGLE FAMILY,1.05,URBAN SERVICES DISTRICT,170000,253900,3578,CRAWL,1961,B   ,5,3,0,O
SINGLE FAMILY,0.46,URBAN SERVICES DISTRICT,295000,146700,2886.14999,PT BSMT,1948,C   ,5,2,0,O
SINGLE FAMILY,0.96,GENERAL SERVICES DISTRICT,35000,227100,4250,PT BSMT,1972,C   ,5,3,0,N
SINGLE FAMILY,0.26,URBAN SERVICES DISTRICT,180000,215400,2112.33752,PT BSMT,1945,C   ,5,2,0,N
SINGLE FAMILY,0.52,URBAN SERVICES DISTRICT,295000,1071000,5600,CRAWL,2016,X   ,5,5,1,N
SINGLE FAMILY,0.95,CITY OF FOREST HILLS,349600,282200,5799,PT BSMT,2016,X   ,5,5,1,O
SINGLE FAMILY,0.97,URBAN SERVICES DISTRICT,245000,942000,5076,CRAWL,2016,X   ,5,5,1,N
VACANT RESIDENTIAL LAND,0.46,URBAN SERVICES DISTRICT,200000,900300,5765.5,CRAWL,2016,A   ,5,4,1,N
SINGLE FAMILY,0.62,URBAN SERVICES DISTRICT,120000,253900,3243.20007,FULL BSMT,1960,B   ,5,3,0,O
SINGLE FAMILY,1.1,CITY OF OAK HILL,200000,678900,6511,CRAWL,2016,A   ,5,5,1,N
SINGLE FAMILY,1.41,CITY OF FOREST HILLS,236300,1126900,5690,CRAWL,2016,X   ,5,4,2,N
DUPLEX,0.16,URBAN SERVICES DISTRICT,80000,144600,1870,CRAWL,1960,C   ,5,3,0,N
SINGLE FAMILY,0.95,URBAN SERVICES DISTRICT,135000,613600,5003.5,PT BSMT,1955,B   ,5,5,1,N
SINGLE FAMILY,1.3,URBAN SERVICES DISTRICT,150000,163800,3176.25,FULL BSMT,1966,B   ,5,3,0,N
SINGLE FAMILY,0.48,URBAN SERVICES DISTRICT,200000,992200,6510,CRAWL,2016,A   ,5,6,1,N
SINGLE FAMILY,0.28,URBAN SERVICES DISTRICT,65000,243100,2128,FULL BSMT,1952,B   ,5,3,0,N
SINGLE FAMILY,0.98,URBAN SERVICES DISTRICT,190000,764400,4343,CRAWL,2017,X   ,5,4,1,N
SINGLE FAMILY,0.98,URBAN SERVICES DISTRICT,190000,798800,4909,CRAWL,2016,X   ,5,5,2,N
SINGLE FAMILY,0.57,URBAN SERVICES DISTRICT,53000,243700,2647,PT BSMT,1942,B   ,5,2,1,N
VACANT RESIDENTIAL LAND,0.98,URBAN SERVICES DISTRICT,190000,764400,4343,CRAWL,2017,X   ,5,4,1,N
SINGLE FAMILY,1,URBAN SERVICES DISTRICT,150000,182500,2547,PT BSMT,1965,B   ,5,2,1,N
SINGLE FAMILY,0.19,URBAN SERVICES DISTRICT,27000,313100,3117,PT BSMT,1915,B   ,5,2,0,N
VACANT RESIDENTIAL LAND,0.57,URBAN SERVICES DISTRICT,220000,973800,5861,CRAWL,2016,A   ,5,4,2,O
SINGLE FAMILY,0.3,URBAN SERVICES DISTRICT,30000,241000,3675,PT BSMT,1951,C   ,5,2,2,O
DUPLEX,0.19,URBAN SERVICES DISTRICT,140000,189500,2240.27002,PT BSMT,1925,C   ,5,2,0,N
SINGLE FAMILY,0.43,URBAN SERVICES DISTRICT,70000,237500,3317.71997,FULL BSMT,1968,C   ,5,3,0,N
SINGLE FAMILY,0.56,GENERAL SERVICES DISTRICT,65000,296700,3478.19995,FULL BSMT,1998,B   ,5,3,0,N
SINGLE FAMILY,2.61,GENERAL SERVICES DISTRICT,52900,330700,4521.94006,FULL BSMT,1997,B   ,5,4,1,N
SINGLE FAMILY,0.34,URBAN SERVICES DISTRICT,35500,249800,3108,CRAWL,1956,C   ,5,3,0,N
SINGLE FAMILY,1.14,URBAN SERVICES DISTRICT,69100,301500,3774,SLAB,1973,B   ,5,2,1,N
DUPLEX,0.41,URBAN SERVICES DISTRICT,240000,128700,2732,PT BSMT,1963,C   ,5,3,0,O
SINGLE FAMILY,2.11,URBAN SERVICES DISTRICT,172500,168900,2506,PT BSMT,1963,B   ,5,3,0,N
SINGLE FAMILY,0.99,URBAN SERVICES DISTRICT,150000,163500,3132,SLAB,1964,B   ,5,3,0,N
SINGLE FAMILY,0.46,GENERAL SERVICES DISTRICT,90000,317700,4664.71002,PT BSMT,2005,B   ,5,4,2,O
TRIPLEX,0.17,URBAN SERVICES DISTRICT,210000,152000,2148,CRAWL,1952,C   ,5,3,0,N
SINGLE FAMILY,1.25,URBAN SERVICES DISTRICT,39500,243400,3699,CRAWL,1950,C   ,5,4,0,N
SINGLE FAMILY,1.22,URBAN SERVICES DISTRICT,175000,161300,3376,FULL BSMT,1957,B   ,5,4,0,N
SINGLE FAMILY,0.48,URBAN SERVICES DISTRICT,170000,224000,2786,SLAB,1940,C   ,5,4,0,N
SINGLE FAMILY,0.48,URBAN SERVICES DISTRICT,34500,121600,1902,FULL BSMT,1927,C   ,5,2,1,N
DUPLEX,0.34,URBAN SERVICES DISTRICT,165000,103000,1650,CRAWL,1968,C   ,4,2,0,O
VACANT RES LAND,2.15,CITY OF FOREST HILLS,390000,1310500,6673,CRAWL,2016,X   ,4,4,1,N
SINGLE FAMILY,0.94,URBAN SERVICES DISTRICT,135000,218400,3054.1499,FULL BSMT,1967,B   ,4,2,0,N
SINGLE FAMILY,0.18,URBAN SERVICES DISTRICT,214500,126400,1629,CRAWL,1925,C   ,4,2,0,N
SINGLE FAMILY,0.21,URBAN SERVICES DISTRICT,214500,161000,1718,PT BSMT,1935,C   ,4,2,0,N
SINGLE FAMILY,1.1,URBAN SERVICES DISTRICT,245000,160700,3117,CRAWL,1955,B   ,4,3,0,O
SINGLE FAMILY,1.23,CITY OF FOREST HILLS,315000,179300,3618,PT BSMT,1974,B   ,4,4,0,O
SINGLE FAMILY,0.38,URBAN SERVICES DISTRICT,60000,282100,3257,CRAWL,1987,B   ,4,3,0,N
SINGLE FAMILY,0.96,URBAN SERVICES DISTRICT,120000,250000,2492,CRAWL,1954,B   ,4,3,0,N
DUPLEX,0.22,URBAN SERVICES DISTRICT,195000,84900,2720,CRAWL,1940,C   ,4,2,0,O
SINGLE FAMILY,0.37,URBAN SERVICES DISTRICT,240000,205600,2458.5,FULL BSMT,1932,C   ,4,3,0,O
SINGLE FAMILY,1.76,CITY OF OAK HILL,200000,187700,2588,CRAWL,1971,B   ,4,3,0,N
SINGLE FAMILY,0.19,URBAN SERVICES DISTRICT,214500,143900,1441.98001,PT BSMT,1930,C   ,4,2,0,N
SINGLE FAMILY,1.07,URBAN SERVICES DISTRICT,135000,237700,2549,CRAWL,1955,C   ,4,3,1,O
SINGLE FAMILY,0.88,URBAN SERVICES DISTRICT,135000,202600,2834.35999,PT BSMT,1959,C   ,4,3,0,N
SINGLE FAMILY,0.94,URBAN SERVICES DISTRICT,190000,218000,2827,CRAWL,1952,C   ,4,3,0,N
DUPLEX,0.23,URBAN SERVICES DISTRICT,190000,141600,2494,CRAWL,1961,C   ,4,4,0,N
SINGLE FAMILY,0.51,URBAN SERVICES DISTRICT,170000,146500,2017,CRAWL,1957,B   ,4,3,0,N
SINGLE FAMILY,0.46,URBAN SERVICES DISTRICT,240000,283900,2507,PT BSMT,1948,C   ,4,3,0,N
SINGLE FAMILY,0.69,URBAN SERVICES DISTRICT,339300,540200,3717,CRAWL,2014,A   ,4,4,1,N
SINGLE FAMILY,0.64,URBAN SERVICES DISTRICT,230000,190700,2074,CRAWL,1950,B   ,4,2,1,O
SINGLE FAMILY,0.24,URBAN SERVICES DISTRICT,60300,308900,2457.5,CRAWL,1916,B   ,4,2,1,N
SINGLE FAMILY,0.36,GENERAL SERVICES DISTRICT,90000,267700,3364,CRAWL,2012,B   ,4,3,0,N
DUPLEX,1.42,URBAN SERVICES DISTRICT,58600,211700,2803,FULL BSMT,1962,C   ,4,2,0,N
SINGLE FAMILY,0.5,URBAN SERVICES DISTRICT,60000,260900,3388,CRAWL,1982,B   ,4,3,0,N
SINGLE FAMILY,1.11,URBAN SERVICES DISTRICT,190000,234300,2620,CRAWL,1956,C   ,4,5,0,N
VACANT RES LAND,0.6,URBAN SERVICES DISTRICT,324000,531200,3503.5,CRAWL,2015,A   ,4,3,1,N
SINGLE FAMILY,0.35,URBAN SERVICES DISTRICT,130000,610900,3507,PT BSMT,1935,B   ,4,4,0,N
ZERO LOT LINE,0.52,URBAN SERVICES DISTRICT,196000,161400,2932,CRAWL,1984,B   ,4,3,0,O
SINGLE FAMILY,0.7,GENERAL SERVICES DISTRICT,65000,328400,3105,CRAWL,1999,B   ,4,2,1,N
SINGLE FAMILY,1.9,CITY OF FOREST HILLS,315000,192800,3963.37,PT BSMT,1965,B   ,4,4,0,O
SINGLE FAMILY,1.26,CITY OF OAK HILL,210000,290900,3615.48001,PT BSMT,1981,A   ,4,2,1,O
SINGLE FAMILY,1.07,CITY OF OAK HILL,200000,202700,2782,PT BSMT,1969,B   ,4,3,0,N
SINGLE FAMILY,1.1,GENERAL SERVICES DISTRICT,99000,209200,5398.75,FULL BSMT,1975,B   ,4,4,0,N
SINGLE FAMILY,0.39,GENERAL SERVICES DISTRICT,90000,260900,3666,CRAWL,2006,B   ,4,4,0,N
SINGLE FAMILY,0.76,URBAN SERVICES DISTRICT,55000,300400,2370,FULL BSMT,1968,B   ,4,2,0,N
SINGLE FAMILY,1.15,URBAN SERVICES DISTRICT,70300,315400,4078,SLAB,1988,B   ,4,3,1,O
SINGLE FAMILY,0.22,URBAN SERVICES DISTRICT,150000,188800,2268,PT BSMT,1930,C   ,4,2,1,N
SINGLE FAMILY,0.14,URBAN SERVICES DISTRICT,195000,288200,2246,PT BSMT,1935,B   ,4,3,0,O
VACANT RES LAND,0.2,URBAN SERVICES DISTRICT,214500,451700,3441,CRAWL,2013,B   ,4,3,0,O
SINGLE FAMILY,0.22,URBAN SERVICES DISTRICT,214500,274900,2207,CRAWL,1993,C   ,4,3,0,N
SINGLE FAMILY,0.9,URBAN SERVICES DISTRICT,170000,148500,1944,CRAWL,1964,B   ,4,2,0,N
SINGLE FAMILY,0.91,URBAN SERVICES DISTRICT,170000,215700,3531,PT BSMT,1960,B   ,4,3,0,N
SINGLE FAMILY,1.46,URBAN SERVICES DISTRICT,250000,449700,4886.75,CRAWL,1957,B   ,4,4,2,O
SINGLE FAMILY,0.19,URBAN SERVICES DISTRICT,144000,216000,2139,CRAWL,1948,C   ,4,3,1,O
SINGLE FAMILY,1.03,CITY OF OAK HILL,250000,923800,5394,CRAWL,2016,X   ,4,3,2,N
SINGLE FAMILY,1,CITY OF OAK HILL,210000,270400,3879,PT BSMT,1979,B   ,4,4,0,O
SINGLE FAMILY,11.74,GENERAL SERVICES DISTRICT,136300,417100,3929.23999,FULL BSMT,1997,B   ,4,5,0,O
SINGLE FAMILY,1.1,GENERAL SERVICES DISTRICT,250000,171000,2763,PT BSMT,1967,B   ,4,3,0,N
SINGLE FAMILY,0.51,GENERAL SERVICES DISTRICT,90000,308100,3507,CRAWL,2006,B   ,4,3,1,N
SINGLE FAMILY,0.21,URBAN SERVICES DISTRICT,150000,343700,3532.5,FULL BSMT,1928,C   ,4,2,1,N
SINGLE FAMILY,0.95,URBAN SERVICES DISTRICT,135000,277700,3219,FULL BSMT,1968,B   ,4,2,0,N
SINGLE FAMILY,1.69,URBAN SERVICES DISTRICT,209000,1004800,7251.44995,FULL BSMT,1958,X   ,4,4,1,N
DUPLEX,0.22,URBAN SERVICES DISTRICT,214500,117900,1834.5,FULL BSMT,1946,C   ,4,2,0,N
SINGLE FAMILY,0.34,URBAN SERVICES DISTRICT,102000,507400,3576.06995,PT BSMT,1925,B   ,9,3,1,P
SINGLE FAMILY,0.43,URBAN SERVICES DISTRICT,210000,344900,3342,PT BSMT,1954,C   ,8,2,1,Q
SINGLE FAMILY,1.95,URBAN SERVICES DISTRICT,287500,354000,6071.84012,FULL BSMT,1962,B   ,7,5,0,Q
SPLIT CLASS,7.76,URBAN SERVICES DISTRICT,170700,601400,9170,CRAWL,1799,X   ,7,6,0,O
SPLIT CLASS,0.48,URBAN SERVICES DISTRICT,190000,292700,4751.67999,PT BSMT,1940,C   ,7,4,0,Q
SINGLE FAMILY,0.69,URBAN SERVICES DISTRICT,342000,265800,3896.40002,PT BSMT,1943,B   ,7,4,0,P
SINGLE FAMILY,0.17,URBAN SERVICES DISTRICT,60000,507000,3765,PT BSMT,1910,B   ,6,2,1,P
SINGLE FAMILY,0.21,URBAN SERVICES DISTRICT,125000,508200,5890,FULL BSMT,1899,B   ,6,3,0,P
SINGLE FAMILY,0.34,URBAN SERVICES DISTRICT,270000,219900,4083.50001,PT BSMT,1952,C   ,6,3,1,P
QUADPLEX,0.33,URBAN SERVICES DISTRICT,390000,178900,3846.375,PT BSMT,1926,C   ,6,5,0,O
SINGLE FAMILY,3.17,URBAN SERVICES DISTRICT,312500,365200,4111.33997,PT BSMT,1954,B   ,6,4,0,P
VACANT RES LAND,0.91,URBAN SERVICES DISTRICT,378000,886900,5853.25,PT BSMT,2015,X   ,6,5,2,O
SINGLE FAMILY,2.2,CITY OF FOREST HILLS,378000,402100,5516.75,CRAWL,1973,A   ,6,4,1,O
SINGLE FAMILY,1.92,CITY OF FOREST HILLS,315000,147500,3153.4375,CRAWL,1965,C   ,6,3,0,O
SINGLE FAMILY,0.57,URBAN SERVICES DISTRICT,190000,456800,4657.75,PT BSMT,1929,C   ,6,5,0,Q
SINGLE FAMILY,1.02,CITY OF BELLE MEADE,573800,1190100,6505,PT BSMT,2016,X   ,6,7,1,Q
DUPLEX,0.26,URBAN SERVICES DISTRICT,214500,300400,4338,PT BSMT,1925,B   ,6,4,0,Q
SINGLE FAMILY,1.67,CITY OF FOREST HILLS,315000,1202300,6226,CRAWL,2016,X   ,6,4,1,O
TRIPLEX,0.14,URBAN SERVICES DISTRICT,20000,48100,1764,CRAWL,1963,D   ,6,3,0,O
TRIPLEX,0.16,URBAN SERVICES DISTRICT,20000,48100,1764,CRAWL,1963,D   ,6,3,0,O
SINGLE FAMILY,1.36,CITY OF OAK HILL,272700,468800,6395.19217,PT BSMT,1952,B   ,5,4,1,P
SINGLE FAMILY,1.34,CITY OF FOREST HILLS,315000,158300,3033.03998,FULL BSMT,1965,C   ,5,5,0,O
SINGLE FAMILY,2.04,CITY OF FOREST HILLS,380000,341300,6168.08001,FULL BSMT,1976,A   ,5,4,0,Q
SINGLE FAMILY,2,CITY OF FOREST HILLS,315000,561100,6284,SLAB,1977,A   ,5,5,0,P
SINGLE FAMILY,1.94,URBAN SERVICES DISTRICT,287500,295500,3664,PT BSMT,1956,B   ,5,3,1,P
SINGLE FAMILY,1.05,GENERAL SERVICES DISTRICT,200000,468600,4501.18002,PT BSMT,1989,A   ,5,4,1,Q
SINGLE FAMILY,0.99,URBAN SERVICES DISTRICT,190000,416100,4153.25,CRAWL,1960,B   ,5,4,0,P
SINGLE FAMILY,0.36,URBAN SERVICES DISTRICT,240000,195100,2619.75,PT BSMT,1941,C   ,5,2,1,O
SINGLE FAMILY,0.16,URBAN SERVICES DISTRICT,195000,309000,2919.25,PT BSMT,1930,C   ,5,4,0,O
SINGLE FAMILY,0.72,GENERAL SERVICES DISTRICT,123000,466600,6738.5,PT BSMT,2002,X   ,5,4,1,P
SINGLE FAMILY,0.95,URBAN SERVICES DISTRICT,420000,1273900,6410.75,CRAWL,2015,X   ,5,5,1,P
SINGLE FAMILY,0.73,GENERAL SERVICES DISTRICT,123000,634700,7185.36011,FULL BSMT,2003,X   ,5,5,1,P
DUPLEX,1,GENERAL SERVICES DISTRICT,204000,391600,4618.625,SLAB,2003,B   ,5,5,1,P
SINGLE FAMILY,0.95,URBAN SERVICES DISTRICT,420000,1273900,6410.75,CRAWL,2015,X   ,5,5,1,P
SINGLE FAMILY,0.67,URBAN SERVICES DISTRICT,241500,336800,3222,CRAWL,1941,C   ,5,3,1,P
SINGLE FAMILY,1,CITY OF OAK HILL,200000,363800,4132,CRAWL,2007,A   ,5,4,1,P
SINGLE FAMILY,0.18,URBAN SERVICES DISTRICT,220000,705500,4403,CRAWL,2015,B   ,5,4,1,O
SINGLE FAMILY,0.45,URBAN SERVICES DISTRICT,350000,584100,4629.28,PT BSMT,1932,A   ,5,4,1,P
SINGLE FAMILY,0.44,URBAN SERVICES DISTRICT,210000,355400,4220.81994,FULL BSMT,1939,C   ,5,4,0,P
SINGLE FAMILY,1.5,URBAN SERVICES DISTRICT,275000,426700,4500,PT BSMT,1960,B   ,5,4,1,P
SINGLE FAMILY,0.45,URBAN SERVICES DISTRICT,375000,269700,2923,CRAWL,1953,B   ,5,2,1,P
SINGLE FAMILY,0.77,URBAN SERVICES DISTRICT,241500,512700,3995,PT BSMT,1936,B   ,5,3,1,P
SINGLE FAMILY,0.21,URBAN SERVICES DISTRICT,140000,743300,4185,PT BSMT,1935,B   ,5,4,0,O
SINGLE FAMILY,1.03,CITY OF FOREST HILLS,425000,1620600,7079,CRAWL,2015,X   ,5,4,2,O
SINGLE FAMILY,4.04,CITY OF FOREST HILLS,319200,239700,4185.50006,PT BSMT,1964,B   ,5,4,0,O
SINGLE FAMILY,1.57,GENERAL SERVICES DISTRICT,108000,270600,5320.35001,CRAWL,1981,B   ,5,4,1,O
SINGLE FAMILY,0.59,URBAN SERVICES DISTRICT,80000,393000,4503.71989,FULL BSMT,1986,B   ,5,4,1,P
SINGLE FAMILY,1.65,CITY OF FOREST HILLS,315000,163400,3375.60004,PT BSMT,1964,B   ,5,3,0,O
SINGLE FAMILY,0.23,URBAN SERVICES DISTRICT,190000,244800,2318,FULL BSMT,1930,C   ,5,3,0,O
SINGLE FAMILY,1.15,GENERAL SERVICES DISTRICT,240000,344200,4326.15002,CRAWL,1968,A   ,5,3,1,Q
SINGLE FAMILY,1.08,URBAN SERVICES DISTRICT,190000,397600,3323,CRAWL,1951,B   ,5,3,0,P
VACANT RESIDENTIAL LAND,2.51,CITY OF OAK HILL,512100,971200,6151,CRAWL,2015,X   ,5,5,1,P
SINGLE FAMILY,0.23,URBAN SERVICES DISTRICT,175000,462900,2814,PT BSMT,1930,B   ,5,2,1,Q
SINGLE FAMILY,1.94,URBAN SERVICES DISTRICT,287500,295500,3664,PT BSMT,1956,B   ,5,3,1,P
VACANT RESIDENTIAL LAND,3.4,CITY OF FOREST HILLS,521500,1577400,7915,CRAWL,2016,X   ,5,5,2,Q
SINGLE FAMILY,1.01,CITY OF FOREST HILLS,315000,294500,4523.375,PT BSMT,1959,A   ,5,4,0,P
SINGLE FAMILY,1,CITY OF OAK HILL,200000,392100,4216,CRAWL,1995,A   ,5,4,1,O
SINGLE FAMILY,1.33,CITY OF FOREST HILLS,315000,222800,5036,PT BSMT,1971,B   ,5,4,1,P
SINGLE FAMILY,0.57,URBAN SERVICES DISTRICT,342000,995900,5321,CRAWL,2015,X   ,5,5,1,O
SINGLE FAMILY,0.69,CITY OF BELLE MEADE,459000,565900,4623.75,CRAWL,2016,X   ,5,5,1,O
SINGLE FAMILY,0.95,URBAN SERVICES DISTRICT,245000,213200,3220.34998,PT BSMT,1960,B   ,5,3,0,O
SINGLE FAMILY,2.27,CITY OF OAK HILL,248000,909600,7056,CRAWL,1989,X   ,5,5,2,P
SINGLE FAMILY,0.5,URBAN SERVICES DISTRICT,295000,187800,2548,CRAWL,1954,C   ,5,3,0,P
DUPLEX,0.26,URBAN SERVICES DISTRICT,190000,220900,2722.25,PT BSMT,1977,B   ,5,5,0,O
SINGLE FAMILY,0.48,URBAN SERVICES DISTRICT,220000,230200,2765,CRAWL,1950,B   ,5,3,0,O
SINGLE FAMILY,0.25,URBAN SERVICES DISTRICT,180000,353400,3044.42498,PT BSMT,1910,C   ,5,2,0,P
SINGLE FAMILY,2.05,CITY OF FOREST HILLS,285000,165700,3184,PT BSMT,1960,B   ,5,3,1,P
QUADPLEX,0.19,URBAN SERVICES DISTRICT,125000,205700,3682.56,FULL BSMT,1945,C   ,5,4,0,P
SINGLE FAMILY,0.16,URBAN SERVICES DISTRICT,180000,393700,2592,PT BSMT,1930,C   ,5,3,0,Q
SINGLE FAMILY,0.5,URBAN SERVICES DISTRICT,200000,265100,3482,CRAWL,1953,B   ,5,4,0,O
SINGLE FAMILY,1.34,CITY OF OAK HILL,271400,2134400,8169,CRAWL,2016,X   ,5,5,3,P
SINGLE FAMILY,0.21,URBAN SERVICES DISTRICT,220000,244400,2458.75,FULL BSMT,1940,C   ,5,2,0,P
SINGLE FAMILY,0.15,URBAN SERVICES DISTRICT,60000,430300,2688.36,PT BSMT,1923,B   ,5,2,1,Q
SINGLE FAMILY,0.46,URBAN SERVICES DISTRICT,315000,121600,3641.15997,PT BSMT,1950,C   ,5,4,0,Q
SINGLE FAMILY,0.28,URBAN SERVICES DISTRICT,179200,327600,3067.45007,PT BSMT,1950,B   ,5,3,0,P
SINGLE FAMILY,1.03,URBAN SERVICES DISTRICT,380000,1078100,5864,CRAWL,2016,X   ,5,5,1,P
SINGLE FAMILY,0.94,CITY OF FOREST HILLS,323000,1087300,6034,CRAWL,2016,X   ,5,4,1,O
SINGLE FAMILY,1.04,URBAN SERVICES DISTRICT,270000,293700,3046,CRAWL,1950,B   ,5,3,0,P
SINGLE FAMILY,1.3,CITY OF OAK HILL,268900,1346100,6467,CRAWL,2016,X   ,5,5,1,P
SINGLE FAMILY,1.17,CITY OF OAK HILL,275200,1172400,5431,CRAWL,2016,X   ,5,5,1,O
SINGLE FAMILY,1.02,CITY OF OAK HILL,200000,343900,3693.15002,CRAWL,1967,B   ,5,4,0,P
SINGLE FAMILY,1.02,URBAN SERVICES DISTRICT,80400,358000,4386,CRAWL,1982,B   ,5,4,0,P
SINGLE FAMILY,0.29,URBAN SERVICES DISTRICT,35000,501700,3696,FULL BSMT,1925,B   ,5,2,0,P
SINGLE FAMILY,0.17,URBAN SERVICES DISTRICT,180000,307600,2116,PT BSMT,1930,C   ,5,2,1,O
SINGLE FAMILY,1.97,CITY OF OAK HILL,238800,278200,4107,CRAWL,1969,B   ,5,4,0,P
SINGLE FAMILY,0.98,CITY OF FOREST HILLS,323000,1101600,5772,CRAWL,2016,X   ,5,5,1,O
SINGLE FAMILY,1.12,URBAN SERVICES DISTRICT,170000,277200,3119,CRAWL,1963,B   ,5,3,1,Q
SINGLE FAMILY,1.8,URBAN SERVICES DISTRICT,209000,425400,4284,SLAB,1955,A   ,5,4,0,P
DUPLEX,0.42,URBAN SERVICES DISTRICT,190000,138800,3003,FULL BSMT,1939,C   ,5,2,0,P
DUPLEX,0.2,URBAN SERVICES DISTRICT,180000,338900,2962.91998,PT BSMT,1920,B   ,5,3,0,P
SINGLE FAMILY,0.95,URBAN SERVICES DISTRICT,240000,362600,4462,PT BSMT,1948,B   ,5,5,1,P
SINGLE FAMILY,0.18,URBAN SERVICES DISTRICT,180000,239400,2224,CRAWL,1929,C   ,5,2,0,P
SINGLE FAMILY,0.32,URBAN SERVICES DISTRICT,160000,218200,2167.25,FULL BSMT,1946,C   ,5,2,0,P
SINGLE FAMILY,0.92,URBAN SERVICES DISTRICT,150000,279700,4217,CRAWL,1964,B   ,5,4,0,P
SINGLE FAMILY,1.41,URBAN SERVICES DISTRICT,190000,420800,3450.49994,PT BSMT,1958,A   ,5,3,0,P
SINGLE FAMILY,0.21,URBAN SERVICES DISTRICT,214500,262200,2563.75,FULL BSMT,1928,C   ,5,4,0,P
SINGLE FAMILY,3.29,CITY OF FOREST HILLS,285000,249700,3708,PT BSMT,1962,B   ,5,4,1,Q
SINGLE FAMILY,0.99,URBAN SERVICES DISTRICT,170000,190600,3593.91992,FULL BSMT,1958,B   ,5,4,0,O
SINGLE FAMILY,0.91,URBAN SERVICES DISTRICT,420000,221100,3491,CRAWL,1952,B   ,5,4,0,P
SINGLE FAMILY,0.91,URBAN SERVICES DISTRICT,378000,67100,3099,CRAWL,1953,B   ,5,3,0,P
SINGLE FAMILY,2.05,CITY OF FOREST HILLS,285000,165700,3184,PT BSMT,1960,B   ,5,3,1,P
SINGLE FAMILY,1.14,CITY OF FOREST HILLS,285000,125600,2708.40002,PT BSMT,1961,C   ,5,3,0,P
SINGLE FAMILY,2.49,CITY OF FOREST HILLS,417200,152300,3646,CRAWL,1949,B   ,5,3,0,P
SINGLE FAMILY,3.87,CITY OF FOREST HILLS,315000,192500,3260,SLAB,1959,B   ,5,3,0,P
DUPLEX,1.44,URBAN SERVICES DISTRICT,275000,181800,3105,PT BSMT,1961,B   ,5,4,0,O
SINGLE FAMILY,0.17,URBAN SERVICES DISTRICT,195000,363800,3002,FULL BSMT,1930,B   ,4,3,0,P
SINGLE FAMILY,0.17,URBAN SERVICES DISTRICT,60000,445100,3038,CRAWL,1920,B   ,4,3,1,O
SINGLE FAMILY,0.19,URBAN SERVICES DISTRICT,168000,517700,3233,CRAWL,2012,B   ,4,3,1,P
SINGLE FAMILY,0.59,URBAN SERVICES DISTRICT,315000,1028800,5063,CRAWL,2014,X   ,4,4,1,P
SINGLE FAMILY,0.29,URBAN SERVICES DISTRICT,180000,343800,2740,PT BSMT,1928,C   ,4,2,1,O
DUPLEX,0.14,URBAN SERVICES DISTRICT,180000,538100,3628.76001,FULL BSMT,1928,B   ,4,4,0,Q
SINGLE FAMILY,0.3,URBAN SERVICES DISTRICT,175000,234000,3087.47504,PT BSMT,1948,C   ,4,2,0,O
SINGLE FAMILY,1.99,CITY OF OAK HILL,387400,384800,3394,CRAWL,1951,B   ,4,3,0,P
SINGLE FAMILY,1.03,GENERAL SERVICES DISTRICT,204000,306500,3702,CRAWL,1966,B   ,4,3,1,P
SINGLE FAMILY,0.18,URBAN SERVICES DISTRICT,195000,309500,2484.75,PT BSMT,1932,B   ,4,3,0,P
SINGLE FAMILY,0.35,URBAN SERVICES DISTRICT,234000,481400,3490.5,PT BSMT,1930,B   ,4,3,1,P
SINGLE FAMILY,0.99,URBAN SERVICES DISTRICT,190000,474700,3640,CRAWL,1960,A   ,4,3,0,P
DUPLEX,0.22,URBAN SERVICES DISTRICT,180000,235600,2233.16504,PT BSMT,1920,C   ,4,2,1,P
SINGLE FAMILY,2.03,CITY OF OAK HILL,314900,436600,5295,PT BSMT,1962,A   ,4,5,0,P
DUPLEX,0.2,URBAN SERVICES DISTRICT,195000,255800,2697,PT BSMT,1939,B   ,4,2,0,P
SINGLE FAMILY,0.22,URBAN SERVICES DISTRICT,214500,344500,2412,FULL BSMT,1935,B   ,4,4,0,P
SINGLE FAMILY,0.29,URBAN SERVICES DISTRICT,214500,270400,2108,FULL BSMT,1945,C   ,4,2,0,O
SINGLE FAMILY,0.94,URBAN SERVICES DISTRICT,170000,302400,3742,CRAWL,1960,B   ,4,5,0,P
SINGLE FAMILY,0.23,URBAN SERVICES DISTRICT,190000,329900,3488,CRAWL,1940,C   ,4,3,0,P
SINGLE FAMILY,0.17,URBAN SERVICES DISTRICT,144000,368400,3801.45001,FULL BSMT,1948,C   ,4,3,1,P
SINGLE FAMILY,0.93,URBAN SERVICES DISTRICT,170000,288900,2610,PT BSMT,1934,B   ,4,4,0,P
SINGLE FAMILY,3.6,URBAN SERVICES DISTRICT,218800,343500,3946,CRAWL,1968,B   ,4,2,1,O
ZERO LOT LINE,0.47,URBAN SERVICES DISTRICT,196000,177800,2736,CRAWL,1984,B   ,4,3,0,O
SINGLE FAMILY,2.02,GENERAL SERVICES DISTRICT,238700,275700,4175.79999,PT BSMT,1972,B   ,4,3,0,P
SINGLE FAMILY,0.76,URBAN SERVICES DISTRICT,143600,285900,2522,FULL BSMT,2005,C   ,4,2,1,O
SINGLE FAMILY,0.18,URBAN SERVICES DISTRICT,214500,291500,2415.5,PT BSMT,1930,B   ,4,2,0,O
SINGLE FAMILY,0.38,URBAN SERVICES DISTRICT,200000,409000,5695,PT BSMT,2017,A   ,4,3,1,P
SINGLE FAMILY,1.21,URBAN SERVICES DISTRICT,175000,334300,2677,CRAWL,1952,B   ,4,3,0,O
SINGLE FAMILY,0.25,URBAN SERVICES DISTRICT,224000,246400,2660,PT BSMT,1930,B   ,4,3,0,O
SINGLE FAMILY,0.42,URBAN SERVICES DISTRICT,224000,387400,3345,FULL BSMT,1938,B   ,4,4,0,P
SINGLE FAMILY,0.45,URBAN SERVICES DISTRICT,200000,230500,2860,CRAWL,1955,C   ,4,3,1,P
SINGLE FAMILY,0.36,URBAN SERVICES DISTRICT,210000,449900,3638.64001,CRAWL,2003,B   ,4,4,0,P
SINGLE FAMILY,0.57,URBAN SERVICES DISTRICT,184000,306800,3383,PT BSMT,1937,C   ,4,3,0,P
SINGLE FAMILY,0.36,URBAN SERVICES DISTRICT,363800,303400,2613,FULL BSMT,1935,B   ,4,3,0,P
SINGLE FAMILY,1.41,CITY OF OAK HILL,275800,519200,5007,CRAWL,1946,A   ,4,6,0,Q
SINGLE FAMILY,1.12,CITY OF OAK HILL,250000,381100,3552,PT BSMT,1950,B   ,4,3,0,P
SINGLE FAMILY,1.74,CITY OF FOREST HILLS,425000,234600,2881,PT BSMT,1959,C   ,4,2,0,Q
SINGLE FAMILY,1.51,CITY OF FOREST HILLS,315000,226500,3841,CRAWL,1959,B   ,4,3,1,P
SINGLE FAMILY,6.11,CITY OF FOREST HILLS,347900,523100,4244,CRAWL,1976,A   ,4,4,0,P
SINGLE FAMILY,2.01,GENERAL SERVICES DISTRICT,238700,238100,3083,PT BSMT,1973,B   ,4,2,1,O
SINGLE FAMILY,0.19,URBAN SERVICES DISTRICT,180000,286000,2221.5,FULL BSMT,1930,C   ,4,2,0,P
QUADPLEX,0.27,URBAN SERVICES DISTRICT,65000,85600,2795,CRAWL,1965,C   ,8,4,0,Q
QUADPLEX,0.23,URBAN SERVICES DISTRICT,65000,86400,2795,CRAWL,1966,C   ,8,4,0,Q
QUADPLEX,0.23,URBAN SERVICES DISTRICT,65000,85600,2795,CRAWL,1965,C   ,8,4,0,Q
SINGLE FAMILY,1.26,URBAN SERVICES DISTRICT,366000,623100,5566.5,PT BSMT,1938,A   ,7,5,1,Q
SINGLE FAMILY,2,CITY OF FOREST HILLS,198000,881800,6915,PT BSMT,1992,X   ,7,6,2,Q
SINGLE FAMILY,0.51,URBAN SERVICES DISTRICT,113900,488400,4008,CRAWL,1900,B   ,7,2,0,Q
SINGLE FAMILY,0.24,URBAN SERVICES DISTRICT,220000,402900,3148.25,FULL BSMT,1930,B   ,7,2,1,Q
DUPLEX,0.26,URBAN SERVICES DISTRICT,300000,456500,3684.16003,FULL BSMT,1925,B   ,7,3,0,Q
SINGLE FAMILY,0.72,URBAN SERVICES DISTRICT,190000,922600,6199,PT BSMT,1946,A   ,6,4,1,Q
SINGLE FAMILY,0.23,URBAN SERVICES DISTRICT,214500,428200,3118,PT BSMT,1930,B   ,6,3,1,Q
SINGLE FAMILY,0.18,URBAN SERVICES DISTRICT,180000,571500,3520,FULL BSMT,1920,B   ,6,4,1,Q
SINGLE FAMILY,2.2,CITY OF FOREST HILLS,378000,402100,5516.75,CRAWL,1973,A   ,6,4,1,Q
SINGLE FAMILY,0.78,URBAN SERVICES DISTRICT,350000,247500,3656,CRAWL,1970,B   ,6,5,0,Q
SINGLE FAMILY,1.81,URBAN SERVICES DISTRICT,294000,516600,5871.92004,PT BSMT,1958,A   ,6,5,2,Q
SINGLE FAMILY,1.25,CITY OF FOREST HILLS,135000,614600,6216.38998,FULL BSMT,1996,A   ,6,8,0,Q
VACANT RES LAND,1.03,CITY OF BELLE MEADE,722300,1494000,8223.00004,PT BSMT,2015,X   ,5,5,2,Q
SINGLE FAMILY,1.2,GENERAL SERVICES DISTRICT,240000,534700,4464,PT BSMT,2006,X   ,5,3,2,Q
SINGLE FAMILY,0.48,URBAN SERVICES DISTRICT,295000,569100,4490,CRAWL,2004,A   ,5,3,1,Q
SINGLE FAMILY,1.49,URBAN SERVICES DISTRICT,126500,640100,4032.25,CRAWL,2013,A   ,5,4,0,Q
SINGLE FAMILY,0.55,URBAN SERVICES DISTRICT,220500,712400,5872.15991,CRAWL,2004,A   ,5,4,3,Q
SINGLE FAMILY,0.75,CITY OF BELLE MEADE,650000,343200,3751,PT BSMT,1945,A   ,5,3,1,Q
SINGLE FAMILY,1.97,CITY OF OAK HILL,386100,354800,3964,PT BSMT,1957,A   ,5,5,0,Q
SINGLE FAMILY,1.02,CITY OF OAK HILL,200000,402200,4147,PT BSMT,1952,A   ,5,3,1,Q
SINGLE FAMILY,0.34,URBAN SERVICES DISTRICT,210000,692100,3567.25,FULL BSMT,1935,A   ,5,3,1,Q
SINGLE FAMILY,0.5,URBAN SERVICES DISTRICT,165000,396900,2807,CRAWL,1899,A   ,5,1,0,Q
SINGLE FAMILY,0.57,URBAN SERVICES DISTRICT,200000,564100,5326.75,PT BSMT,1958,A   ,5,4,0,Q
SINGLE FAMILY,1.49,CITY OF FOREST HILLS,315000,334700,5566.08008,PT BSMT,1965,B   ,5,3,1,Q
SINGLE FAMILY,0.29,URBAN SERVICES DISTRICT,180000,485900,3090,PT BSMT,1929,B   ,5,3,1,Q
SINGLE FAMILY,0.37,URBAN SERVICES DISTRICT,234000,438700,3488.12,FULL BSMT,1988,B   ,5,4,0,Q
SINGLE FAMILY,0.6,URBAN SERVICES DISTRICT,235000,842400,5527,CRAWL,2014,A   ,5,4,1,Q
GREENBELT,35.97,GENERAL SERVICES DISTRICT,86370,617000,7150,CRAWL,1989,A   ,5,5,0,Q
SINGLE FAMILY,0.98,URBAN SERVICES DISTRICT,378000,578900,4850.71,PT BSMT,2005,X   ,5,3,2,Q
SINGLE FAMILY,4.52,CITY OF OAK HILL,638800,1863800,6731,CRAWL,2016,X   ,5,5,2,Q
SINGLE FAMILY,0.34,URBAN SERVICES DISTRICT,210000,479600,3514.1499,CRAWL,2014,B   ,5,3,1,Q
SINGLE FAMILY,0.93,GENERAL SERVICES DISTRICT,240000,578200,4449,CRAWL,2000,X   ,5,3,1,Q
VACANT RESIDENTIAL LAND,0.45,CITY OF OAK HILL,203500,682900,4382,CRAWL,2014,A   ,5,4,1,Q
SINGLE FAMILY,0.18,URBAN SERVICES DISTRICT,220000,705500,4403,CRAWL,2015,B   ,5,4,1,Q
SINGLE FAMILY,0.25,URBAN SERVICES DISTRICT,270000,561500,3888,CRAWL,2014,A   ,5,4,1,Q
SINGLE FAMILY,0.29,URBAN SERVICES DISTRICT,214500,492700,3531,PT BSMT,1930,B   ,5,3,1,Q
SINGLE FAMILY,0.96,GENERAL SERVICES DISTRICT,200000,536400,5330.88,CRAWL,1983,A   ,5,4,0,Q
SINGLE FAMILY,1.58,URBAN SERVICES DISTRICT,209000,626700,6474,CRAWL,1955,A   ,5,6,0,Q
SINGLE FAMILY,1.13,GENERAL SERVICES DISTRICT,200000,484200,5213.58996,FULL BSMT,1980,A   ,5,5,0,Q
SINGLE FAMILY,0.21,URBAN SERVICES DISTRICT,180000,499200,3026.66003,FULL BSMT,1920,B   ,5,3,1,Q
SINGLE FAMILY,1,CITY OF OAK HILL,232500,670700,5364.35997,FULL BSMT,1994,X   ,5,5,0,Q
SINGLE FAMILY,1.25,CITY OF FOREST HILLS,285000,370700,4233.59998,FULL BSMT,1962,A   ,5,5,1,Q
SINGLE FAMILY,1.03,CITY OF BELLE MEADE,607500,160000,3663.92,CRAWL,1949,B   ,5,5,0,Q
VACANT RESIDENTIAL LAND,1.15,CITY OF OAK HILL,259500,105000,6006,CRAWL,2016,A   ,5,6,1,Q
SINGLE FAMILY,2.22,CITY OF FOREST HILLS,378000,185900,3533,CRAWL,1960,B   ,5,3,0,Q
SINGLE FAMILY,1.26,CITY OF FOREST HILLS,315000,259500,4508.80005,FULL BSMT,1967,B   ,5,3,1,Q
SINGLE FAMILY,2.04,URBAN SERVICES DISTRICT,287500,658800,5315,CRAWL,1960,A   ,5,4,1,Q
SINGLE FAMILY,0.41,URBAN SERVICES DISTRICT,210000,258600,2938.00005,FULL BSMT,1935,C   ,5,3,0,Q
SINGLE FAMILY,0.17,URBAN SERVICES DISTRICT,150000,298200,3457.60001,CRAWL,1948,C   ,5,4,1,Q
SINGLE FAMILY,0.51,CITY OF BELLE MEADE,281300,424900,2949.66248,PT BSMT,1948,C   ,5,3,1,Q
SINGLE FAMILY,0.2,URBAN SERVICES DISTRICT,180000,505600,3116,PT BSMT,1940,B   ,5,3,0,Q
SINGLE FAMILY,1.38,CITY OF FOREST HILLS,285000,257000,3782,PT BSMT,1961,B   ,5,4,0,Q
SINGLE FAMILY,1.13,URBAN SERVICES DISTRICT,120600,626400,4167.5,PT BSMT,1930,B   ,5,3,0,Q
SINGLE FAMILY,0.54,URBAN SERVICES DISTRICT,200000,479400,4026,CRAWL,2001,B   ,5,3,1,Q
SINGLE FAMILY,1.02,CITY OF OAK HILL,250000,551000,4205,CRAWL,2004,A   ,5,3,1,Q
SINGLE FAMILY,1.57,URBAN SERVICES DISTRICT,209000,466800,4979.95996,PT BSMT,1958,A   ,5,4,0,Q
DUPLEX,0.92,URBAN SERVICES DISTRICT,253000,90200,2640,CRAWL,1960,C   ,5,2,1,Q
SINGLE FAMILY,0.27,URBAN SERVICES DISTRICT,175000,567400,3914,FULL BSMT,1935,B   ,4,1,1,Q
SINGLE FAMILY,0.28,URBAN SERVICES DISTRICT,180000,794500,4171.5,PT BSMT,1936,B   ,4,4,0,Q
SINGLE FAMILY,0.88,URBAN SERVICES DISTRICT,350000,381600,4060,PT BSMT,1945,A   ,4,4,0,Q
SINGLE FAMILY,0.2,URBAN SERVICES DISTRICT,214500,592300,4091.2,PT BSMT,2004,A   ,4,4,0,Q
SINGLE FAMILY,0.72,CITY OF BELLE MEADE,486000,410000,4162,CRAWL,1973,A   ,4,4,0,Q
SINGLE FAMILY,0.28,URBAN SERVICES DISTRICT,214500,465000,5203,CRAWL,2003,B   ,4,4,0,Q
SINGLE FAMILY,0.4,URBAN SERVICES DISTRICT,240000,679500,5639.5,PT BSMT,1940,A   ,4,3,1,Q
SINGLE FAMILY,1.08,URBAN SERVICES DISTRICT,425000,546900,4242,CRAWL,1948,A   ,4,4,0,Q
SINGLE FAMILY,0.5,URBAN SERVICES DISTRICT,200000,496600,4016,PT BSMT,1949,A   ,4,4,1,Q
SINGLE FAMILY,0.94,GENERAL SERVICES DISTRICT,200000,456700,4997,PT BSMT,1980,A   ,4,5,0,Q
SINGLE FAMILY,0.25,URBAN SERVICES DISTRICT,290000,471200,3304.75,PT BSMT,1954,B   ,4,4,1,Q
SINGLE FAMILY,1.19,URBAN SERVICES DISTRICT,378000,304900,4385.25,CRAWL,1955,B   ,4,3,1,Q
SINGLE FAMILY,0.2,URBAN SERVICES DISTRICT,180000,472600,2714,PT BSMT,1918,B   ,4,3,0,Q
SINGLE FAMILY,0.2,URBAN SERVICES DISTRICT,180000,644000,3392,CRAWL,1920,B   ,4,3,1,Q
SINGLE FAMILY,1.2,CITY OF BELLE MEADE,837800,152700,3976,CRAWL,1952,C   ,4,4,0,Q
SINGLE FAMILY,0.5,URBAN SERVICES DISTRICT,295000,858000,5676.5,CRAWL,2006,X   ,4,3,2,Q
SINGLE FAMILY,0.32,URBAN SERVICES DISTRICT,295000,536500,3858,CRAWL,2008,A   ,4,4,1,Q
SINGLE FAMILY,0.5,URBAN SERVICES DISTRICT,200000,496600,4016,PT BSMT,1949,A   ,4,4,1,Q
SINGLE FAMILY,2.85,URBAN SERVICES DISTRICT,330500,898100,7693,CRAWL,1952,X   ,8,5,2,R
SINGLE FAMILY,0.65,CITY OF BELLE MEADE,459000,598900,5161,PT BSMT,1939,X   ,7,3,1,R
SINGLE FAMILY,9.28,CITY OF OAK HILL,625600,528900,8396,PT BSMT,1951,A   ,6,5,0,R
SINGLE FAMILY,0.65,CITY OF BELLE MEADE,577800,519300,4555.5625,PT BSMT,1929,X   ,6,4,1,R
SINGLE FAMILY,1.25,CITY OF FOREST HILLS,180000,734100,5419.25,CRAWL,1987,X   ,6,6,0,R
SINGLE FAMILY,2.11,CITY OF FOREST HILLS,658800,817000,6467.58997,PT BSMT,1977,A   ,6,5,2,R
SINGLE FAMILY,1.15,CITY OF BELLE MEADE,837800,431700,6328.63507,FULL BSMT,1973,A   ,6,6,1,R
SINGLE FAMILY,1.01,URBAN SERVICES DISTRICT,420000,1347900,7544.5,CRAWL,1999,X   ,6,6,1,R
SINGLE FAMILY,0.51,URBAN SERVICES DISTRICT,350000,554900,4544,PT BSMT,1938,A   ,6,4,1,R
SINGLE FAMILY,2.85,CITY OF OAK HILL,414500,822000,4111,CRAWL,1946,X   ,6,3,1,R
SINGLE FAMILY,0.51,URBAN SERVICES DISTRICT,315000,928000,5238.25,FULL BSMT,2013,X   ,6,4,3,R
VACANT RESIDENTIAL LAND,0.62,URBAN SERVICES DISTRICT,315000,1141700,7566,CRAWL,2014,X   ,6,5,2,R
SINGLE FAMILY,1.65,CITY OF BELLE MEADE,846500,344100,5149.01001,PT BSMT,1962,A   ,6,5,0,R
SINGLE FAMILY,0.61,URBAN SERVICES DISTRICT,295000,1007200,5364,CRAWL,2015,X   ,6,6,0,R
SINGLE FAMILY,0.91,URBAN SERVICES DISTRICT,378000,886900,5853.25,PT BSMT,2015,X   ,6,5,2,R
SINGLE FAMILY,0.83,URBAN SERVICES DISTRICT,350000,1066200,6663.80005,PT BSMT,2015,X   ,6,6,1,R
SINGLE FAMILY,2.65,CITY OF FOREST HILLS,410200,1359300,6658,CRAWL,2014,X   ,6,6,2,R
SINGLE FAMILY,2.3,CITY OF FOREST HILLS,364500,720700,6657.28003,PT BSMT,2005,X   ,6,5,2,R
SINGLE FAMILY,0.57,URBAN SERVICES DISTRICT,315000,1195200,7931,CRAWL,2010,X   ,6,6,1,R
SINGLE FAMILY,1.31,CITY OF FOREST HILLS,315000,938400,5974.17004,FULL BSMT,2008,X   ,6,3,0,R
SINGLE FAMILY,0.78,URBAN SERVICES DISTRICT,190000,630600,5222,PT BSMT,1950,A   ,6,4,2,R
SINGLE FAMILY,0.21,URBAN SERVICES DISTRICT,195000,1063000,5215,CRAWL,2005,A   ,6,4,2,R
SINGLE FAMILY,1.58,URBAN SERVICES DISTRICT,398000,971700,6753,PT BSMT,1942,X   ,5,4,2,R
SINGLE FAMILY,0.43,CITY OF BELLE MEADE,482600,742400,4345,PT BSMT,1923,X   ,5,4,1,R
SINGLE FAMILY,0.48,URBAN SERVICES DISTRICT,324000,893400,5310,PT BSMT,2002,X   ,5,3,1,R
SINGLE FAMILY,0.57,URBAN SERVICES DISTRICT,342000,2158100,7977,CRAWL,2005,X   ,5,5,1,R
SINGLE FAMILY,1.84,URBAN SERVICES DISTRICT,287500,1065400,9071.55992,FULL BSMT,2007,X   ,5,5,3,R
SINGLE FAMILY,0.28,URBAN SERVICES DISTRICT,195000,834100,4262.80003,FULL BSMT,1899,A   ,5,4,1,R
SINGLE FAMILY,0.9,CITY OF BELLE MEADE,650000,694100,5918.41998,PT BSMT,1963,X   ,5,4,1,R
SINGLE FAMILY,2.2,URBAN SERVICES DISTRICT,275000,851400,4430,PT BSMT,1957,X   ,5,4,1,R
SINGLE FAMILY,0.67,URBAN SERVICES DISTRICT,339300,1057100,5819,PT BSMT,2013,X   ,5,5,2,R
SINGLE FAMILY,1.08,URBAN SERVICES DISTRICT,190000,867400,4957,CRAWL,2012,A   ,5,5,2,R
SINGLE FAMILY,0.39,URBAN SERVICES DISTRICT,240000,1431900,5876.25,CRAWL,2007,X   ,5,5,2,R
SINGLE FAMILY,3.19,URBAN SERVICES DISTRICT,312500,698700,7343.10999,PT BSMT,1959,A   ,5,4,1,R
SINGLE FAMILY,0.7,URBAN SERVICES DISTRICT,339300,798600,4507.625,CRAWL,2006,X   ,5,4,2,R
SINGLE FAMILY,2,CITY OF FOREST HILLS,315000,1385000,9724,CRAWL,2009,X   ,5,6,1,R
SINGLE FAMILY,1.12,URBAN SERVICES DISTRICT,245000,715900,6446.80014,FULL BSMT,2007,A   ,5,5,2,R
SINGLE FAMILY,2.19,CITY OF OAK HILL,248000,933700,8308.80011,PT BSMT,1993,X   ,5,4,0,R
SINGLE FAMILY,0.26,URBAN SERVICES DISTRICT,264000,1067500,6243.11503,FULL BSMT,2006,A   ,5,5,2,R
SINGLE FAMILY,0.46,CITY OF BELLE MEADE,469500,579400,5106.3,FULL BSMT,2002,X   ,5,4,1,R
SINGLE FAMILY,1.76,CITY OF FOREST HILLS,467500,601700,4926,PT BSMT,1956,A   ,5,7,0,R
SINGLE FAMILY,2.23,CITY OF FOREST HILLS,459400,900600,5762,PT BSMT,1966,X   ,5,6,0,R
SINGLE FAMILY,0.56,URBAN SERVICES DISTRICT,210000,631300,4151.5,CRAWL,2013,A   ,5,3,1,R
SINGLE FAMILY,0.71,CITY OF BELLE MEADE,513000,298200,4381,PT BSMT,1946,A   ,5,4,0,R
SINGLE FAMILY,1.13,CITY OF BELLE MEADE,692600,361400,4595,PT BSMT,1956,A   ,5,6,0,R
SINGLE FAMILY,1.5,CITY OF FOREST HILLS,315000,776800,5313,CRAWL,2014,A   ,5,4,1,R
SINGLE FAMILY,2.19,CITY OF OAK HILL,248000,933700,8308.80011,PT BSMT,1993,X   ,5,4,0,R
SINGLE FAMILY,0.28,URBAN SERVICES DISTRICT,200000,656000,3839,CRAWL,1930,B   ,5,4,1,R
SINGLE FAMILY,2.1,CITY OF FOREST HILLS,352500,697500,7952.5,FULL BSMT,2007,X   ,5,5,1,R
SINGLE FAMILY,0.61,URBAN SERVICES DISTRICT,315000,1073600,5844,CRAWL,2013,X   ,5,4,2,R
SINGLE FAMILY,0.67,CITY OF BELLE MEADE,577800,320100,4616.80005,CRAWL,1929,A   ,5,4,0,R
SINGLE FAMILY,0.89,URBAN SERVICES DISTRICT,315000,1265400,6319,CRAWL,2014,X   ,5,4,2,R
SINGLE FAMILY,1.01,GENERAL SERVICES DISTRICT,240000,790800,6222.05001,FULL BSMT,2003,X   ,5,5,1,R
SINGLE FAMILY,1.6,URBAN SERVICES DISTRICT,288000,613400,5504.74997,FULL BSMT,1940,A   ,5,2,1,R
SINGLE FAMILY,0.45,CITY OF OAK HILL,203500,675900,4221,CRAWL,2014,A   ,5,3,2,R
SINGLE FAMILY,2,CITY OF OAK HILL,310000,788500,6455,CRAWL,1987,X   ,5,4,0,R
SINGLE FAMILY,0.53,URBAN SERVICES DISTRICT,253000,733700,5014,CRAWL,2014,B   ,5,6,0,R
SINGLE FAMILY,1.13,CITY OF BELLE MEADE,692600,361400,4595,PT BSMT,1956,A   ,5,6,0,R
SINGLE FAMILY,1.12,URBAN SERVICES DISTRICT,245000,980000,6103,CRAWL,2009,X   ,5,4,2,R
SINGLE FAMILY,1,CITY OF OAK HILL,250000,448400,5483.25,FULL BSMT,1989,A   ,5,5,0,R
SINGLE FAMILY,0.21,URBAN SERVICES DISTRICT,180000,839400,3759.81998,PT BSMT,1925,A   ,5,3,1,R
SINGLE FAMILY,0.85,URBAN SERVICES DISTRICT,350000,1055800,6098,CRAWL,2007,X   ,5,4,2,R
SINGLE FAMILY,0.44,URBAN SERVICES DISTRICT,363800,658800,4717,PT BSMT,1928,A   ,5,4,1,R
SINGLE FAMILY,1.43,CITY OF BELLE MEADE,895600,517100,7738.19995,PT BSMT,1969,X   ,5,6,0,R
SINGLE FAMILY,0.26,URBAN SERVICES DISTRICT,264000,1067500,6243.11503,FULL BSMT,2006,A   ,5,5,2,R
SINGLE FAMILY,1.05,URBAN SERVICES DISTRICT,378000,816700,5211,CRAWL,2014,A   ,5,5,2,R
SINGLE FAMILY,1.97,CITY OF OAK HILL,311100,635000,5972.74,PT BSMT,1939,A   ,5,5,1,R
SINGLE FAMILY,0.18,URBAN SERVICES DISTRICT,180000,912600,5435.76001,FULL BSMT,1920,B   ,5,5,0,R
SINGLE FAMILY,0.91,URBAN SERVICES DISTRICT,135000,899900,4383,CRAWL,2004,X   ,5,5,1,R
SINGLE FAMILY,0.44,URBAN SERVICES DISTRICT,290000,793900,5272.25,CRAWL,2011,A   ,5,5,1,R
SINGLE FAMILY,1.07,CITY OF BELLE MEADE,619700,670600,5193,CRAWL,1948,X   ,5,2,2,R
SINGLE FAMILY,0.67,CITY OF BELLE MEADE,577800,320100,4616.80005,CRAWL,1929,A   ,5,4,0,R
SINGLE FAMILY,0.53,URBAN SERVICES DISTRICT,315000,692200,5424,CRAWL,2015,A   ,5,5,1,R
SINGLE FAMILY,2,URBAN SERVICES DISTRICT,275000,859300,5928.24001,FULL BSMT,1995,X   ,5,6,0,R
SINGLE FAMILY,0.96,URBAN SERVICES DISTRICT,241500,517000,5221.30005,PT BSMT,1935,B   ,5,3,0,R
SINGLE FAMILY,2,CITY OF OAK HILL,310000,840000,6621.31,CRAWL,1987,X   ,5,6,0,R
SINGLE FAMILY,0.27,GENERAL SERVICES DISTRICT,350000,587400,5775.31003,FULL BSMT,2005,A   ,5,4,1,R
SINGLE FAMILY,17.5,GENERAL SERVICES DISTRICT,452500,512100,5892.62,CRAWL,2004,A   ,5,5,2,R
SINGLE FAMILY,0.53,URBAN SERVICES DISTRICT,315000,926800,5877,CRAWL,2007,X   ,5,4,2,R
SINGLE FAMILY,1.84,URBAN SERVICES DISTRICT,287500,1065400,9071.55992,FULL BSMT,2007,X   ,5,5,3,R
SINGLE FAMILY,1.02,URBAN SERVICES DISTRICT,245000,829400,5294,CRAWL,2008,X   ,5,4,1,R
SINGLE FAMILY,1.02,CITY OF FOREST HILLS,315000,829700,5385,CRAWL,2015,A   ,5,4,1,R
SINGLE FAMILY,2,CITY OF OAK HILL,310000,788500,6455,CRAWL,1987,X   ,5,4,0,R
SINGLE FAMILY,1.1,CITY OF OAK HILL,300000,1164000,7202.39996,PT BSMT,2001,X   ,5,6,1,R
SINGLE FAMILY,0.4,URBAN SERVICES DISTRICT,375000,433600,3963,PT BSMT,1948,B   ,5,3,1,R
SINGLE FAMILY,1.12,URBAN SERVICES DISTRICT,378000,867400,6179,PT BSMT,2014,X   ,5,5,1,R
SINGLE FAMILY,0.6,URBAN SERVICES DISTRICT,315000,797000,5149,CRAWL,2005,X   ,5,4,1,R
SINGLE FAMILY,0.87,CITY OF BELLE MEADE,546800,369600,5869.79001,FULL BSMT,1987,A   ,5,4,2,R
SINGLE FAMILY,0.98,CITY OF BELLE MEADE,573800,527700,4785.40001,FULL BSMT,1986,X   ,5,5,1,R
SINGLE FAMILY,0.57,URBAN SERVICES DISTRICT,342000,1014000,5337.5,CRAWL,2012,X   ,5,6,0,R
SINGLE FAMILY,1.65,URBAN SERVICES DISTRICT,209000,1197700,5460.38,CRAWL,2015,X   ,5,4,2,R
SINGLE FAMILY,0.52,URBAN SERVICES DISTRICT,315000,925700,5536,CRAWL,2015,X   ,5,4,1,R
SINGLE FAMILY,0.57,CITY OF BELLE MEADE,401600,620100,3944,CRAWL,2015,X   ,5,4,1,R
SINGLE FAMILY,0.47,URBAN SERVICES DISTRICT,315000,1031500,5195,CRAWL,2015,X   ,5,5,1,R
SINGLE FAMILY,0.99,URBAN SERVICES DISTRICT,245000,709300,5272.5,CRAWL,2009,X   ,5,5,1,R
SINGLE FAMILY,2.11,CITY OF FOREST HILLS,380000,590400,5391.06,PT BSMT,1978,X   ,5,5,0,R
SINGLE FAMILY,1.03,CITY OF BELLE MEADE,722300,825600,6567,CRAWL,1991,X   ,5,7,0,R
SINGLE FAMILY,1.15,URBAN SERVICES DISTRICT,355000,610600,6006.89996,PT BSMT,1944,A   ,5,4,1,R
SINGLE FAMILY,0.46,CITY OF OAK HILL,203500,676900,4431,CRAWL,2016,A   ,5,5,1,R
SINGLE FAMILY,1.2,URBAN SERVICES DISTRICT,190000,675700,4644.09998,PT BSMT,1938,X   ,5,4,0,R
SINGLE FAMILY,1.84,URBAN SERVICES DISTRICT,209000,724400,5390.71997,PT BSMT,1955,A   ,5,5,0,R
SINGLE FAMILY,1.17,URBAN SERVICES DISTRICT,244800,1025700,7362,FULL BSMT,2016,A   ,5,5,1,R
SPLIT CLASS,0.39,URBAN SERVICES DISTRICT,120000,624700,3874,CRAWL,1899,A   ,5,2,3,R
SINGLE FAMILY,0.57,URBAN SERVICES DISTRICT,342000,1014000,5337.5,CRAWL,2012,X   ,5,6,0,R
SINGLE FAMILY,0.46,URBAN SERVICES DISTRICT,220000,737000,6062.37004,FULL BSMT,2006,A   ,5,5,1,R
SINGLE FAMILY,1.13,URBAN SERVICES DISTRICT,190000,582600,5940.05016,FULL BSMT,1955,B   ,5,5,1,R
SINGLE FAMILY,0.41,CITY OF BELLE MEADE,240800,789000,3869,CRAWL,2016,A   ,5,4,1,R
SINGLE FAMILY,0.93,GENERAL SERVICES DISTRICT,240000,749500,6258,CRAWL,2000,X   ,5,3,1,R
SINGLE FAMILY,0.75,CITY OF BELLE MEADE,650000,843400,4684,PT BSMT,1950,X   ,5,6,0,R
SINGLE FAMILY,0.75,URBAN SERVICES DISTRICT,350000,472700,4473.12,PT BSMT,1939,A   ,5,4,0,R
SINGLE FAMILY,1.99,GENERAL SERVICES DISTRICT,280800,1184700,6079,CRAWL,2006,X   ,4,4,1,R
SINGLE FAMILY,0.19,URBAN SERVICES DISTRICT,180000,802100,4760.52002,PT BSMT,1918,B   ,4,4,1,R
SINGLE FAMILY,2.02,CITY OF OAK HILL,310000,1025400,5956,CRAWL,1991,X   ,4,6,0,R
SINGLE FAMILY,1.21,URBAN SERVICES DISTRICT,190000,822500,5019.5,CRAWL,2013,X   ,4,4,1,R
SINGLE FAMILY,1.33,URBAN SERVICES DISTRICT,240000,1826100,15378,PT BSMT,1948,X   ,10,10,0,S
SINGLE FAMILY,1.33,URBAN SERVICES DISTRICT,240000,1826100,15378,PT BSMT,1948,X   ,10,10,0,S
SINGLE FAMILY,1.18,CITY OF BELLE MEADE,837800,854300,6823.235,PT BSMT,1945,X   ,7,9,0,S
SINGLE FAMILY,2,CITY OF FOREST HILLS,315000,1954100,10216.75,CRAWL,2000,X   ,7,5,3,S
SINGLE FAMILY,5.56,CITY OF FOREST HILLS,599800,2060100,8519.3999,CRAWL,1990,X   ,6,5,1,S
SINGLE FAMILY,3.08,URBAN SERVICES DISTRICT,276700,2073100,8403,CRAWL,2006,X   ,6,5,2,S
SINGLE FAMILY,0.96,CITY OF BELLE MEADE,573800,1394100,6856.80005,FULL BSMT,1987,X   ,6,6,2,S
SINGLE FAMILY,1.7,URBAN SERVICES DISTRICT,275000,1325000,8411,CRAWL,2008,X   ,6,7,2,S
SINGLE FAMILY,2,CITY OF OAK HILL,310000,1536875,12714.66003,FULL BSMT,1995,X   ,6,6,2,S
SINGLE FAMILY,1.06,CITY OF BELLE MEADE,780000,770700,5536,CRAWL,1967,X   ,6,5,0,S
SINGLE FAMILY,0.62,URBAN SERVICES DISTRICT,315000,1141700,7566,CRAWL,2014,X   ,6,5,2,S
SINGLE FAMILY,1.85,URBAN SERVICES DISTRICT,30700,599600,8153,PT BSMT,1832,A   ,6,2,0,S
SINGLE FAMILY,2.12,CITY OF OAK HILL,357600,1386600,8959.01502,FULL BSMT,2009,X   ,5,4,1,S
SINGLE FAMILY,0.23,URBAN SERVICES DISTRICT,195000,749400,5219.20005,FULL BSMT,1920,B   ,5,5,0,S
SINGLE FAMILY,1.19,CITY OF BELLE MEADE,939600,527500,5136.29004,PT BSMT,1939,X   ,5,6,0,S
SINGLE FAMILY,1.74,CITY OF BELLE MEADE,1069200,781600,6718.79993,CRAWL,1965,X   ,5,4,2,S
SINGLE FAMILY,2.62,CITY OF BELLE MEADE,1215000,559000,4688,CRAWL,1954,X   ,5,4,1,S
SINGLE FAMILY,2.32,CITY OF BELLE MEADE,1166400,945600,6228.40002,FULL BSMT,1927,X   ,5,5,1,S
SINGLE FAMILY,2.41,CITY OF BELLE MEADE,1083400,472300,4431,PT BSMT,1969,X   ,5,4,0,S
SINGLE FAMILY,1.25,URBAN SERVICES DISTRICT,190000,1207800,6980,CRAWL,2009,X   ,5,4,2,S
SINGLE FAMILY,1.13,CITY OF BELLE MEADE,780000,1344600,5317,PT BSMT,1929,X   ,5,7,0,S
SINGLE FAMILY,1.92,CITY OF OAK HILL,308000,957400,5880,CRAWL,1948,X   ,5,5,1,S
SINGLE FAMILY,1.07,URBAN SERVICES DISTRICT,190000,989400,5818,CRAWL,2014,X   ,5,5,2,S
SINGLE FAMILY,0.59,URBAN SERVICES DISTRICT,315000,1219300,6424,PT BSMT,2014,X   ,5,5,1,S
SINGLE FAMILY,1.25,URBAN SERVICES DISTRICT,190000,1207800,6980,CRAWL,2009,X   ,5,4,2,S
SINGLE FAMILY,1.69,CITY OF OAK HILL,293500,974100,6642,PT BSMT,1957,A   ,5,6,0,S
SINGLE FAMILY,0.88,URBAN SERVICES DISTRICT,350000,1193200,7060.5,CRAWL,2007,X   ,5,4,1,S
SINGLE FAMILY,5.47,CITY OF FOREST HILLS,450600,999400,6842.80005,CRAWL,2005,X   ,5,4,2,S
SINGLE FAMILY,2.07,CITY OF FOREST HILLS,350700,1590900,7735,CRAWL,2006,X   ,5,6,2,S
SINGLE FAMILY,1.07,URBAN SERVICES DISTRICT,420000,860100,7286.87996,FULL BSMT,2004,A   ,5,4,2,S
SINGLE FAMILY,2.5,CITY OF OAK HILL,511500,741300,5497,PT BSMT,1993,X   ,5,4,0,S
SINGLE FAMILY,0.47,URBAN SERVICES DISTRICT,315000,1031500,5195,CRAWL,2015,X   ,5,5,1,S
SINGLE FAMILY,4.1,CITY OF FOREST HILLS,483000,1086300,5743.5,PT BSMT,2015,X   ,5,5,1,S
SINGLE FAMILY,1.19,CITY OF BELLE MEADE,939600,937700,5842,PT BSMT,1927,X   ,5,5,1,S
SINGLE FAMILY,0.76,URBAN SERVICES DISTRICT,339300,1064200,5772,CRAWL,2015,X   ,5,5,2,S
SINGLE FAMILY,0.73,CITY OF BELLE MEADE,486000,946000,5237,CRAWL,1988,X   ,5,5,0,S
SINGLE FAMILY,0.46,URBAN SERVICES DISTRICT,295000,1028200,5642.5,CRAWL,2015,X   ,5,5,1,S
SINGLE FAMILY,0.57,URBAN SERVICES DISTRICT,342000,995900,5321,CRAWL,2015,X   ,5,5,1,S
SINGLE FAMILY,1.28,CITY OF FOREST HILLS,315000,1113700,5679,CRAWL,2015,X   ,5,4,2,S
SINGLE FAMILY,0.46,URBAN SERVICES DISTRICT,295000,1028200,5642.5,CRAWL,2015,X   ,5,5,1,S
SINGLE FAMILY,0.45,URBAN SERVICES DISTRICT,290000,1045500,4809,CRAWL,2015,X   ,5,5,1,S
SINGLE FAMILY,1.03,CITY OF FOREST HILLS,380000,1297200,7040,CRAWL,2016,X   ,5,5,1,S
SINGLE FAMILY,0.44,URBAN SERVICES DISTRICT,295000,1110200,6054,SLAB,2015,X   ,5,5,1,S
SINGLE FAMILY,0.3,URBAN SERVICES DISTRICT,210000,740800,5224.83001,FULL BSMT,1940,A   ,5,5,1,S
SINGLE FAMILY,0.69,CITY OF BELLE MEADE,459000,565900,4623.75,CRAWL,2016,X   ,5,5,1,S
SINGLE FAMILY,1.17,CITY OF BELLE MEADE,665600,939900,5893,CRAWL,1996,X   ,5,4,0,S
SINGLE FAMILY,1.99,URBAN SERVICES DISTRICT,287500,840400,6668,CRAWL,2015,X   ,5,4,2,S
SINGLE FAMILY,2,CITY OF FOREST HILLS,418000,1115300,6433,CRAWL,2004,X   ,5,5,2,S
SINGLE FAMILY,1.61,URBAN SERVICES DISTRICT,275000,814800,5072,CRAWL,1950,X   ,5,6,0,S
SINGLE FAMILY,0.43,URBAN SERVICES DISTRICT,295000,795200,5755.6001,CRAWL,2016,A   ,5,5,2,S
SINGLE FAMILY,2.29,CITY OF FOREST HILLS,673200,323700,5118.5,PT BSMT,1968,A   ,5,4,0,S
SINGLE FAMILY,0.5,URBAN SERVICES DISTRICT,350000,1351900,7302,CRAWL,2016,X   ,5,5,2,S
SINGLE FAMILY,1.34,CITY OF OAK HILL,271400,2134400,8169,CRAWL,2016,X   ,5,5,3,S
SINGLE FAMILY,1.49,CITY OF BELLE MEADE,895600,1776100,7892,PT BSMT,1988,X   ,5,6,3,S
SINGLE FAMILY,0.92,CITY OF BELLE MEADE,722300,684000,6008.89258,PT BSMT,1937,X   ,5,5,0,S
SINGLE FAMILY,3.44,CITY OF FOREST HILLS,311800,1006500,6302.22998,CRAWL,2005,X   ,5,3,2,S
SINGLE FAMILY,1.25,URBAN SERVICES DISTRICT,190000,1207800,6980,CRAWL,2009,X   ,5,4,2,S
SINGLE FAMILY,0.91,URBAN SERVICES DISTRICT,240000,666400,4631,PT BSMT,1940,A   ,5,3,0,S
SINGLE FAMILY,1.04,CITY OF FOREST HILLS,315000,1164100,6844,CRAWL,1956,X   ,4,4,0,S
SINGLE FAMILY,0.92,CITY OF BELLE MEADE,722300,1350900,6136,CRAWL,1994,X   ,4,4,0,S
SINGLE FAMILY,6.51,CITY OF OAK HILL,599100,354100,4080,PT BSMT,1930,X   ,4,3,1,S
SINGLE FAMILY,0.55,CITY OF BELLE MEADE,519800,898800,4967,PT BSMT,1930,X   ,4,4,0,S
SINGLE FAMILY,1.25,CITY OF BELLE MEADE,743900,978300,5418.625,CRAWL,2004,X   ,4,4,1,S
SINGLE FAMILY,8.12,CITY OF OAK HILL,849600,1541400,9235,CRAWL,1970,X   ,11,9,2,T
SINGLE FAMILY,1.6,URBAN SERVICES DISTRICT,288000,1526100,7447.75,CRAWL,1951,X   ,7,6,1,T
SINGLE FAMILY,3.47,URBAN SERVICES DISTRICT,228000,1043500,7514.52997,PT BSMT,1935,X   ,7,9,0,T
SINGLE FAMILY,4.2,CITY OF OAK HILL,561000,1917300,10889,PT BSMT,1930,X   ,7,6,1,T
SINGLE FAMILY,3.53,CITY OF FOREST HILLS,500400,3456900,19728.24988,FULL BSMT,1996,X   ,7,10,0,T
SINGLE FAMILY,1.98,CITY OF FOREST HILLS,650000,1918000,8224,PT BSMT,1970,X   ,7,6,1,T
SINGLE FAMILY,1.51,CITY OF BELLE MEADE,953400,2389800,9891.19995,CRAWL,1994,X   ,6,8,0,T
SINGLE FAMILY,2.01,CITY OF OAK HILL,543000,1195800,11585.5,PT BSMT,1909,X   ,6,5,1,T
SINGLE FAMILY,2.45,CITY OF BELLE MEADE,1083400,2493900,9339,PT BSMT,1970,X   ,6,10,1,T
SINGLE FAMILY,4.22,CITY OF BELLE MEADE,1255500,1833700,7651,PT BSMT,1934,X   ,6,6,0,T
SINGLE FAMILY,2.4,CITY OF BELLE MEADE,1083400,1425100,7872,CRAWL,1954,X   ,6,7,1,T
SINGLE FAMILY,1.88,CITY OF BELLE MEADE,996700,1267300,6871.92999,PT BSMT,1945,X   ,6,8,0,T
SINGLE FAMILY,4.83,CITY OF FOREST HILLS,808500,2691500,10213.01013,FULL BSMT,1970,X   ,6,6,1,T
SINGLE FAMILY,2.04,URBAN SERVICES DISTRICT,275000,1382000,8574.97998,CRAWL,2007,X   ,6,6,2,T
SINGLE FAMILY,6.7,CITY OF BELLE MEADE,1869000,943700,7834,PT BSMT,1948,X   ,6,7,0,T
RESIDENTIAL COMBO/MISC,0.42,URBAN SERVICES DISTRICT,253500,490100,3709,PT BSMT,1930,B   ,6,2,0,T
SINGLE FAMILY,1.07,CITY OF BELLE MEADE,656100,1243500,7115,CRAWL,2005,X   ,6,6,2,T
SINGLE FAMILY,1.67,CITY OF FOREST HILLS,315000,1202300,6226,CRAWL,2016,X   ,6,4,1,T
SINGLE FAMILY,4.86,CITY OF BELLE MEADE,1603800,640200,5167,PT BSMT,1929,X   ,6,4,0,T
SINGLE FAMILY,1,CITY OF BELLE MEADE,722300,1914400,8634.09997,FULL BSMT,1988,X   ,6,6,0,T
SINGLE FAMILY,6.41,CITY OF FOREST HILLS,1392800,1488100,5288.84998,PT BSMT,1940,X   ,5,5,0,T
SINGLE FAMILY,2,CITY OF OAK HILL,480000,1879900,10386.65012,PT BSMT,1993,X   ,5,5,0,T
SINGLE FAMILY,1.65,URBAN SERVICES DISTRICT,322000,2228000,7381.75,CRAWL,2006,X   ,5,4,2,T
SINGLE FAMILY,6.41,CITY OF FOREST HILLS,1392800,1488100,5288.84998,PT BSMT,1940,X   ,5,5,0,T
SINGLE FAMILY,1.72,CITY OF OAK HILL,295400,2673700,7875.5,CRAWL,2011,X   ,5,6,2,T
SINGLE FAMILY,0.86,CITY OF BELLE MEADE,729000,1336800,5261.60004,PT BSMT,1927,X   ,5,4,2,T
SINGLE FAMILY,1.07,URBAN SERVICES DISTRICT,380000,1641700,8947.41004,PT BSMT,2005,X   ,5,6,1,T
SINGLE FAMILY,1.23,CITY OF BELLE MEADE,837800,2137500,7763,PT BSMT,1937,X   ,5,7,1,T
SINGLE FAMILY,1.54,CITY OF BELLE MEADE,953400,1533600,6807.23999,PT BSMT,1930,X   ,5,5,1,T
SINGLE FAMILY,5,CITY OF OAK HILL,625000,2490600,7894,PT BSMT,1935,X   ,5,4,3,T
SINGLE FAMILY,3.41,CITY OF OAK HILL,592800,2002400,10754.5,CRAWL,2004,X   ,5,4,3,T
SINGLE FAMILY,1.14,URBAN SERVICES DISTRICT,288000,1736500,6668,CRAWL,2009,X   ,5,5,1,T
SINGLE FAMILY,1.8,CITY OF BELLE MEADE,996700,301000,4708,CRAWL,1965,A   ,5,6,0,T
SINGLE FAMILY,1.3,CITY OF OAK HILL,268900,1346100,6467,CRAWL,2016,X   ,5,5,1,T
SINGLE FAMILY,0.46,URBAN SERVICES DISTRICT,220000,650000,4381.79999,PT BSMT,1953,A   ,4,3,1,T
